lookup_id,event_id,status,attend
100077,1787f3e1-3315-485a-95d7-1da21ed4ddb9,Registered,FALSE
100137,90927b93-07cf-4d47-bc16-1e0da1bc5576,Will not attend,FALSE
100233,1787f3e1-3315-485a-95d7-1da21ed4ddb9,Registered,TRUE
100780,1787f3e1-3315-485a-95d7-1da21ed4ddb9,Registered,FALSE
101092,1787f3e1-3315-485a-95d7-1da21ed4ddb9,Registered,TRUE
101210,1787f3e1-3315-485a-95d7-1da21ed4ddb9,Registered,TRUE
101495,1787f3e1-3315-485a-95d7-1da21ed4ddb9,Registered,FALSE
101605,1787f3e1-3315-485a-95d7-1da21ed4ddb9,Registered,TRUE
101804,1787f3e1-3315-485a-95d7-1da21ed4ddb9,Registered,FALSE
101806,688982c6-4e8f-4b40-8987-d004710a4de7,Registered,TRUE
101927,1787f3e1-3315-485a-95d7-1da21ed4ddb9,Registered,FALSE
101966,1787f3e1-3315-485a-95d7-1da21ed4ddb9,Registered,TRUE
101989,1787f3e1-3315-485a-95d7-1da21ed4ddb9,Registered,TRUE
101989,688982c6-4e8f-4b40-8987-d004710a4de7,Registered,TRUE
102320,1787f3e1-3315-485a-95d7-1da21ed4ddb9,Registered,FALSE
102328,688982c6-4e8f-4b40-8987-d004710a4de7,Registered,TRUE
102537,688982c6-4e8f-4b40-8987-d004710a4de7,Registered,TRUE
102584,1787f3e1-3315-485a-95d7-1da21ed4ddb9,Registered,TRUE
102633,1787f3e1-3315-485a-95d7-1da21ed4ddb9,Registered,TRUE
102764,1787f3e1-3315-485a-95d7-1da21ed4ddb9,Registered,TRUE
102824,1787f3e1-3315-485a-95d7-1da21ed4ddb9,Registered,FALSE
102824,e929ea71-44ac-4fb1-b831-33a00fc649e7,Registered,TRUE
102839,1787f3e1-3315-485a-95d7-1da21ed4ddb9,Registered,FALSE
103051,1787f3e1-3315-485a-95d7-1da21ed4ddb9,Registered,TRUE
103882,e929ea71-44ac-4fb1-b831-33a00fc649e7,Canceled,FALSE
103949,1787f3e1-3315-485a-95d7-1da21ed4ddb9,Registered,TRUE
104009,21327acb-aa7d-4000-9532-0a9c864addd3,Registered,FALSE
104197,1787f3e1-3315-485a-95d7-1da21ed4ddb9,Registered,TRUE
104695,90927b93-07cf-4d47-bc16-1e0da1bc5576,Registered,TRUE
104728,e929ea71-44ac-4fb1-b831-33a00fc649e7,Registered,TRUE
104760,1787f3e1-3315-485a-95d7-1da21ed4ddb9,Registered,TRUE
104780,1787f3e1-3315-485a-95d7-1da21ed4ddb9,Registered,FALSE
104822,1787f3e1-3315-485a-95d7-1da21ed4ddb9,Registered,TRUE
105006,e929ea71-44ac-4fb1-b831-33a00fc649e7,Registered,TRUE
105068,21327acb-aa7d-4000-9532-0a9c864addd3,Registered,FALSE
105068,688982c6-4e8f-4b40-8987-d004710a4de7,Registered,TRUE
105156,1787f3e1-3315-485a-95d7-1da21ed4ddb9,Registered,TRUE
105285,1787f3e1-3315-485a-95d7-1da21ed4ddb9,Registered,FALSE
105451,1787f3e1-3315-485a-95d7-1da21ed4ddb9,Registered,TRUE
105501,1787f3e1-3315-485a-95d7-1da21ed4ddb9,Registered,TRUE
105674,1787f3e1-3315-485a-95d7-1da21ed4ddb9,Registered,TRUE
105688,1787f3e1-3315-485a-95d7-1da21ed4ddb9,Will not attend,FALSE
105688,e929ea71-44ac-4fb1-b831-33a00fc649e7,Registered,TRUE
105920,1787f3e1-3315-485a-95d7-1da21ed4ddb9,Registered,FALSE
106051,1787f3e1-3315-485a-95d7-1da21ed4ddb9,Registered,TRUE
106062,1787f3e1-3315-485a-95d7-1da21ed4ddb9,Registered,TRUE
106106,1787f3e1-3315-485a-95d7-1da21ed4ddb9,Registered,TRUE
106170,1787f3e1-3315-485a-95d7-1da21ed4ddb9,Registered,TRUE
106188,90927b93-07cf-4d47-bc16-1e0da1bc5576,Registered,FALSE
106249,1787f3e1-3315-485a-95d7-1da21ed4ddb9,Registered,TRUE
106285,1787f3e1-3315-485a-95d7-1da21ed4ddb9,Registered,FALSE
106354,1787f3e1-3315-485a-95d7-1da21ed4ddb9,Registered,FALSE
106543,1787f3e1-3315-485a-95d7-1da21ed4ddb9,Registered,TRUE
106547,1787f3e1-3315-485a-95d7-1da21ed4ddb9,Registered,TRUE
106618,1787f3e1-3315-485a-95d7-1da21ed4ddb9,Registered,FALSE
106632,688982c6-4e8f-4b40-8987-d004710a4de7,Registered,FALSE
106651,1787f3e1-3315-485a-95d7-1da21ed4ddb9,Registered,TRUE
106676,1787f3e1-3315-485a-95d7-1da21ed4ddb9,Registered,TRUE
106851,688982c6-4e8f-4b40-8987-d004710a4de7,Registered,FALSE
106891,90927b93-07cf-4d47-bc16-1e0da1bc5576,Canceled,FALSE
106891,e929ea71-44ac-4fb1-b831-33a00fc649e7,Canceled,FALSE
106995,1787f3e1-3315-485a-95d7-1da21ed4ddb9,Registered,FALSE
107042,1787f3e1-3315-485a-95d7-1da21ed4ddb9,Registered,TRUE
107212,1787f3e1-3315-485a-95d7-1da21ed4ddb9,Registered,TRUE
107297,1787f3e1-3315-485a-95d7-1da21ed4ddb9,Registered,TRUE
107368,e929ea71-44ac-4fb1-b831-33a00fc649e7,Registered,TRUE
107401,688982c6-4e8f-4b40-8987-d004710a4de7,Registered,FALSE
107411,1787f3e1-3315-485a-95d7-1da21ed4ddb9,Registered,TRUE
107411,688982c6-4e8f-4b40-8987-d004710a4de7,Registered,TRUE
107440,1787f3e1-3315-485a-95d7-1da21ed4ddb9,Registered,FALSE
108202,1787f3e1-3315-485a-95d7-1da21ed4ddb9,Registered,TRUE
108262,1787f3e1-3315-485a-95d7-1da21ed4ddb9,Registered,FALSE
108269,1787f3e1-3315-485a-95d7-1da21ed4ddb9,Registered,TRUE
108594,688982c6-4e8f-4b40-8987-d004710a4de7,Registered,TRUE
108947,1787f3e1-3315-485a-95d7-1da21ed4ddb9,Registered,FALSE
109147,1787f3e1-3315-485a-95d7-1da21ed4ddb9,Registered,TRUE
109243,1787f3e1-3315-485a-95d7-1da21ed4ddb9,Registered,TRUE
109258,90927b93-07cf-4d47-bc16-1e0da1bc5576,Registered,TRUE
109617,1787f3e1-3315-485a-95d7-1da21ed4ddb9,Registered,TRUE
109621,1787f3e1-3315-485a-95d7-1da21ed4ddb9,Registered,FALSE
109626,e929ea71-44ac-4fb1-b831-33a00fc649e7,Registered,TRUE
109663,1787f3e1-3315-485a-95d7-1da21ed4ddb9,Registered,TRUE
109706,90927b93-07cf-4d47-bc16-1e0da1bc5576,Registered,TRUE
109706,688982c6-4e8f-4b40-8987-d004710a4de7,Registered,TRUE
109927,e929ea71-44ac-4fb1-b831-33a00fc649e7,Registered,TRUE
110158,1787f3e1-3315-485a-95d7-1da21ed4ddb9,Registered,TRUE
110180,1787f3e1-3315-485a-95d7-1da21ed4ddb9,Registered,TRUE
110239,1787f3e1-3315-485a-95d7-1da21ed4ddb9,Registered,TRUE
110367,1787f3e1-3315-485a-95d7-1da21ed4ddb9,Registered,TRUE
110367,688982c6-4e8f-4b40-8987-d004710a4de7,Registered,FALSE
110436,1787f3e1-3315-485a-95d7-1da21ed4ddb9,Registered,TRUE
110590,1787f3e1-3315-485a-95d7-1da21ed4ddb9,Registered,TRUE
110711,1787f3e1-3315-485a-95d7-1da21ed4ddb9,Registered,FALSE
110720,1787f3e1-3315-485a-95d7-1da21ed4ddb9,Registered,TRUE
110890,1787f3e1-3315-485a-95d7-1da21ed4ddb9,Registered,TRUE
110956,e929ea71-44ac-4fb1-b831-33a00fc649e7,Registered,TRUE
110974,1787f3e1-3315-485a-95d7-1da21ed4ddb9,Registered,TRUE
111063,1787f3e1-3315-485a-95d7-1da21ed4ddb9,Registered,FALSE
111167,1787f3e1-3315-485a-95d7-1da21ed4ddb9,Registered,FALSE
111190,1787f3e1-3315-485a-95d7-1da21ed4ddb9,Registered,TRUE
111463,1787f3e1-3315-485a-95d7-1da21ed4ddb9,Registered,TRUE
111466,e929ea71-44ac-4fb1-b831-33a00fc649e7,Registered,TRUE
111483,1787f3e1-3315-485a-95d7-1da21ed4ddb9,Registered,TRUE
111483,688982c6-4e8f-4b40-8987-d004710a4de7,Registered,TRUE
111579,688982c6-4e8f-4b40-8987-d004710a4de7,Registered,TRUE
111650,1787f3e1-3315-485a-95d7-1da21ed4ddb9,Registered,FALSE
111861,1787f3e1-3315-485a-95d7-1da21ed4ddb9,Registered,FALSE
111875,90927b93-07cf-4d47-bc16-1e0da1bc5576,Registered,TRUE
111875,688982c6-4e8f-4b40-8987-d004710a4de7,Registered,TRUE
112126,1787f3e1-3315-485a-95d7-1da21ed4ddb9,Registered,TRUE
112161,1787f3e1-3315-485a-95d7-1da21ed4ddb9,Registered,FALSE
112200,1787f3e1-3315-485a-95d7-1da21ed4ddb9,Registered,TRUE
112227,1787f3e1-3315-485a-95d7-1da21ed4ddb9,Registered,FALSE
112380,1787f3e1-3315-485a-95d7-1da21ed4ddb9,Registered,TRUE
11245,1787f3e1-3315-485a-95d7-1da21ed4ddb9,Registered,TRUE
112658,1787f3e1-3315-485a-95d7-1da21ed4ddb9,Registered,TRUE
112700,1787f3e1-3315-485a-95d7-1da21ed4ddb9,Registered,TRUE
112705,21327acb-aa7d-4000-9532-0a9c864addd3,Registered,FALSE
112705,1787f3e1-3315-485a-95d7-1da21ed4ddb9,Registered,FALSE
112705,688982c6-4e8f-4b40-8987-d004710a4de7,Registered,TRUE
113008,e929ea71-44ac-4fb1-b831-33a00fc649e7,Registered,TRUE
113039,688982c6-4e8f-4b40-8987-d004710a4de7,Registered,FALSE
113057,1787f3e1-3315-485a-95d7-1da21ed4ddb9,Registered,TRUE
113245,688982c6-4e8f-4b40-8987-d004710a4de7,Registered,FALSE
113255,1787f3e1-3315-485a-95d7-1da21ed4ddb9,Registered,FALSE
113321,e929ea71-44ac-4fb1-b831-33a00fc649e7,Registered,TRUE
113352,1787f3e1-3315-485a-95d7-1da21ed4ddb9,Registered,FALSE
113412,1787f3e1-3315-485a-95d7-1da21ed4ddb9,Registered,TRUE
113531,688982c6-4e8f-4b40-8987-d004710a4de7,Registered,TRUE
113548,1787f3e1-3315-485a-95d7-1da21ed4ddb9,Registered,FALSE
113706,688982c6-4e8f-4b40-8987-d004710a4de7,Registered,TRUE
113781,e929ea71-44ac-4fb1-b831-33a00fc649e7,Registered,TRUE
113846,1787f3e1-3315-485a-95d7-1da21ed4ddb9,Will not attend,FALSE
113897,1787f3e1-3315-485a-95d7-1da21ed4ddb9,Registered,TRUE
11394,1787f3e1-3315-485a-95d7-1da21ed4ddb9,Registered,FALSE
113940,688982c6-4e8f-4b40-8987-d004710a4de7,Registered,FALSE
114116,688982c6-4e8f-4b40-8987-d004710a4de7,Canceled,FALSE
114149,1787f3e1-3315-485a-95d7-1da21ed4ddb9,Registered,TRUE
114171,1787f3e1-3315-485a-95d7-1da21ed4ddb9,Registered,TRUE
114339,1787f3e1-3315-485a-95d7-1da21ed4ddb9,Registered,TRUE
114445,1787f3e1-3315-485a-95d7-1da21ed4ddb9,Registered,TRUE
11462,688982c6-4e8f-4b40-8987-d004710a4de7,Registered,FALSE
114678,688982c6-4e8f-4b40-8987-d004710a4de7,Registered,TRUE
114750,1787f3e1-3315-485a-95d7-1da21ed4ddb9,Registered,TRUE
114782,1787f3e1-3315-485a-95d7-1da21ed4ddb9,Registered,TRUE
114825,1787f3e1-3315-485a-95d7-1da21ed4ddb9,Registered,TRUE
114848,1787f3e1-3315-485a-95d7-1da21ed4ddb9,Registered,FALSE
11490,1787f3e1-3315-485a-95d7-1da21ed4ddb9,Registered,TRUE
114971,1787f3e1-3315-485a-95d7-1da21ed4ddb9,Registered,TRUE
115199,1787f3e1-3315-485a-95d7-1da21ed4ddb9,Registered,TRUE
115239,1787f3e1-3315-485a-95d7-1da21ed4ddb9,Registered,TRUE
115259,1787f3e1-3315-485a-95d7-1da21ed4ddb9,Registered,FALSE
115529,1787f3e1-3315-485a-95d7-1da21ed4ddb9,Registered,TRUE
11554,1787f3e1-3315-485a-95d7-1da21ed4ddb9,Registered,FALSE
115659,e929ea71-44ac-4fb1-b831-33a00fc649e7,Registered,TRUE
115758,1787f3e1-3315-485a-95d7-1da21ed4ddb9,Registered,TRUE
115787,1787f3e1-3315-485a-95d7-1da21ed4ddb9,Registered,TRUE
115920,1787f3e1-3315-485a-95d7-1da21ed4ddb9,Registered,TRUE
115942,688982c6-4e8f-4b40-8987-d004710a4de7,Registered,FALSE
115956,1787f3e1-3315-485a-95d7-1da21ed4ddb9,Registered,TRUE
116000,1787f3e1-3315-485a-95d7-1da21ed4ddb9,Registered,TRUE
116042,1787f3e1-3315-485a-95d7-1da21ed4ddb9,Registered,TRUE
116058,1787f3e1-3315-485a-95d7-1da21ed4ddb9,Registered,TRUE
116091,1787f3e1-3315-485a-95d7-1da21ed4ddb9,Registered,TRUE
116191,1787f3e1-3315-485a-95d7-1da21ed4ddb9,Registered,TRUE
116204,e929ea71-44ac-4fb1-b831-33a00fc649e7,Registered,TRUE
116218,1787f3e1-3315-485a-95d7-1da21ed4ddb9,Registered,TRUE
116248,1787f3e1-3315-485a-95d7-1da21ed4ddb9,Registered,TRUE
116562,1787f3e1-3315-485a-95d7-1da21ed4ddb9,Registered,TRUE
116719,688982c6-4e8f-4b40-8987-d004710a4de7,Registered,FALSE
117082,1787f3e1-3315-485a-95d7-1da21ed4ddb9,Registered,FALSE
117320,1787f3e1-3315-485a-95d7-1da21ed4ddb9,Registered,TRUE
117320,688982c6-4e8f-4b40-8987-d004710a4de7,Registered,FALSE
117347,1787f3e1-3315-485a-95d7-1da21ed4ddb9,Registered,TRUE
117394,1787f3e1-3315-485a-95d7-1da21ed4ddb9,Registered,FALSE
117399,e929ea71-44ac-4fb1-b831-33a00fc649e7,Registered,TRUE
117581,1787f3e1-3315-485a-95d7-1da21ed4ddb9,Registered,TRUE
117599,1787f3e1-3315-485a-95d7-1da21ed4ddb9,Registered,TRUE
117628,1787f3e1-3315-485a-95d7-1da21ed4ddb9,Registered,TRUE
117656,688982c6-4e8f-4b40-8987-d004710a4de7,Registered,FALSE
117735,1787f3e1-3315-485a-95d7-1da21ed4ddb9,Registered,TRUE
117776,1787f3e1-3315-485a-95d7-1da21ed4ddb9,Registered,TRUE
118036,1787f3e1-3315-485a-95d7-1da21ed4ddb9,Registered,TRUE
118113,e929ea71-44ac-4fb1-b831-33a00fc649e7,Registered,TRUE
118135,1787f3e1-3315-485a-95d7-1da21ed4ddb9,Registered,TRUE
11825,1787f3e1-3315-485a-95d7-1da21ed4ddb9,Registered,FALSE
118293,1787f3e1-3315-485a-95d7-1da21ed4ddb9,Registered,TRUE
118311,1787f3e1-3315-485a-95d7-1da21ed4ddb9,Registered,FALSE
118370,1787f3e1-3315-485a-95d7-1da21ed4ddb9,Registered,FALSE
118402,1787f3e1-3315-485a-95d7-1da21ed4ddb9,Registered,FALSE
118402,90927b93-07cf-4d47-bc16-1e0da1bc5576,Registered,TRUE
118402,688982c6-4e8f-4b40-8987-d004710a4de7,Registered,FALSE
118403,1787f3e1-3315-485a-95d7-1da21ed4ddb9,Registered,TRUE
118853,1787f3e1-3315-485a-95d7-1da21ed4ddb9,Registered,TRUE
118864,1787f3e1-3315-485a-95d7-1da21ed4ddb9,Registered,TRUE
118928,1787f3e1-3315-485a-95d7-1da21ed4ddb9,Registered,TRUE
118955,1787f3e1-3315-485a-95d7-1da21ed4ddb9,Registered,FALSE
11903,688982c6-4e8f-4b40-8987-d004710a4de7,Registered,TRUE
11905,1787f3e1-3315-485a-95d7-1da21ed4ddb9,Registered,TRUE
119205,21327acb-aa7d-4000-9532-0a9c864addd3,Registered,FALSE
119297,e929ea71-44ac-4fb1-b831-33a00fc649e7,Registered,TRUE
119409,1787f3e1-3315-485a-95d7-1da21ed4ddb9,Registered,TRUE
119566,90927b93-07cf-4d47-bc16-1e0da1bc5576,Registered,TRUE
119673,688982c6-4e8f-4b40-8987-d004710a4de7,Registered,FALSE
119774,1787f3e1-3315-485a-95d7-1da21ed4ddb9,Registered,FALSE
119774,e929ea71-44ac-4fb1-b831-33a00fc649e7,Registered,TRUE
119835,1787f3e1-3315-485a-95d7-1da21ed4ddb9,Registered,FALSE
120008,1787f3e1-3315-485a-95d7-1da21ed4ddb9,Registered,FALSE
120053,1787f3e1-3315-485a-95d7-1da21ed4ddb9,Registered,TRUE
120057,1787f3e1-3315-485a-95d7-1da21ed4ddb9,Registered,FALSE
120105,688982c6-4e8f-4b40-8987-d004710a4de7,Registered,TRUE
120207,1787f3e1-3315-485a-95d7-1da21ed4ddb9,Registered,TRUE
120207,e929ea71-44ac-4fb1-b831-33a00fc649e7,Registered,TRUE
120361,90927b93-07cf-4d47-bc16-1e0da1bc5576,Registered,FALSE
120378,1787f3e1-3315-485a-95d7-1da21ed4ddb9,Registered,TRUE
120740,e929ea71-44ac-4fb1-b831-33a00fc649e7,Will not attend,FALSE
120809,1787f3e1-3315-485a-95d7-1da21ed4ddb9,Registered,FALSE
120859,1787f3e1-3315-485a-95d7-1da21ed4ddb9,Registered,TRUE
120916,e929ea71-44ac-4fb1-b831-33a00fc649e7,Registered,TRUE
120970,1787f3e1-3315-485a-95d7-1da21ed4ddb9,Will not attend,FALSE
120992,1787f3e1-3315-485a-95d7-1da21ed4ddb9,Registered,FALSE
121132,1787f3e1-3315-485a-95d7-1da21ed4ddb9,Registered,FALSE
121168,1787f3e1-3315-485a-95d7-1da21ed4ddb9,Registered,FALSE
121415,e929ea71-44ac-4fb1-b831-33a00fc649e7,Registered,TRUE
121474,1787f3e1-3315-485a-95d7-1da21ed4ddb9,Registered,TRUE
121564,e929ea71-44ac-4fb1-b831-33a00fc649e7,Registered,TRUE
121609,1787f3e1-3315-485a-95d7-1da21ed4ddb9,Registered,TRUE
121629,1787f3e1-3315-485a-95d7-1da21ed4ddb9,Registered,TRUE
121669,1787f3e1-3315-485a-95d7-1da21ed4ddb9,Will not attend,FALSE
121675,1787f3e1-3315-485a-95d7-1da21ed4ddb9,Registered,TRUE
121683,1787f3e1-3315-485a-95d7-1da21ed4ddb9,Registered,TRUE
121683,90927b93-07cf-4d47-bc16-1e0da1bc5576,Will not attend,FALSE
121770,1787f3e1-3315-485a-95d7-1da21ed4ddb9,Registered,TRUE
121770,90927b93-07cf-4d47-bc16-1e0da1bc5576,Registered,TRUE
121824,1787f3e1-3315-485a-95d7-1da21ed4ddb9,Registered,FALSE
121829,90927b93-07cf-4d47-bc16-1e0da1bc5576,Registered,TRUE
121917,1787f3e1-3315-485a-95d7-1da21ed4ddb9,Registered,FALSE
122020,90927b93-07cf-4d47-bc16-1e0da1bc5576,Registered,TRUE
122268,1787f3e1-3315-485a-95d7-1da21ed4ddb9,Registered,TRUE
122369,688982c6-4e8f-4b40-8987-d004710a4de7,Registered,TRUE
122382,e929ea71-44ac-4fb1-b831-33a00fc649e7,Registered,TRUE
122565,e929ea71-44ac-4fb1-b831-33a00fc649e7,Registered,TRUE
122575,1787f3e1-3315-485a-95d7-1da21ed4ddb9,Registered,TRUE
122595,1787f3e1-3315-485a-95d7-1da21ed4ddb9,Registered,FALSE
122606,1787f3e1-3315-485a-95d7-1da21ed4ddb9,Registered,TRUE
122638,1787f3e1-3315-485a-95d7-1da21ed4ddb9,Registered,TRUE
122673,1787f3e1-3315-485a-95d7-1da21ed4ddb9,Registered,FALSE
122829,1787f3e1-3315-485a-95d7-1da21ed4ddb9,Registered,FALSE
122843,1787f3e1-3315-485a-95d7-1da21ed4ddb9,Registered,TRUE
122870,688982c6-4e8f-4b40-8987-d004710a4de7,Registered,TRUE
122908,1787f3e1-3315-485a-95d7-1da21ed4ddb9,Registered,FALSE
122913,1787f3e1-3315-485a-95d7-1da21ed4ddb9,Registered,FALSE
122915,1787f3e1-3315-485a-95d7-1da21ed4ddb9,Registered,FALSE
123055,90927b93-07cf-4d47-bc16-1e0da1bc5576,Registered,FALSE
12530,1787f3e1-3315-485a-95d7-1da21ed4ddb9,Registered,FALSE
12634,90927b93-07cf-4d47-bc16-1e0da1bc5576,Registered,TRUE
12802,21327acb-aa7d-4000-9532-0a9c864addd3,Registered,FALSE
12854,1787f3e1-3315-485a-95d7-1da21ed4ddb9,Registered,TRUE
12908,1787f3e1-3315-485a-95d7-1da21ed4ddb9,Registered,TRUE
129173,1787f3e1-3315-485a-95d7-1da21ed4ddb9,Registered,TRUE
129182,e929ea71-44ac-4fb1-b831-33a00fc649e7,Registered,TRUE
129244,688982c6-4e8f-4b40-8987-d004710a4de7,Registered,FALSE
129278,90927b93-07cf-4d47-bc16-1e0da1bc5576,Registered,TRUE
129285,688982c6-4e8f-4b40-8987-d004710a4de7,Registered,TRUE
129389,1787f3e1-3315-485a-95d7-1da21ed4ddb9,Registered,TRUE
129478,e929ea71-44ac-4fb1-b831-33a00fc649e7,Registered,TRUE
129509,e929ea71-44ac-4fb1-b831-33a00fc649e7,Registered,TRUE
129540,688982c6-4e8f-4b40-8987-d004710a4de7,Registered,TRUE
129672,e929ea71-44ac-4fb1-b831-33a00fc649e7,Registered,TRUE
129686,90927b93-07cf-4d47-bc16-1e0da1bc5576,Registered,FALSE
129772,1787f3e1-3315-485a-95d7-1da21ed4ddb9,Registered,TRUE
129868,1787f3e1-3315-485a-95d7-1da21ed4ddb9,Registered,TRUE
129980,90927b93-07cf-4d47-bc16-1e0da1bc5576,Registered,TRUE
129993,1787f3e1-3315-485a-95d7-1da21ed4ddb9,Registered,TRUE
129999,1787f3e1-3315-485a-95d7-1da21ed4ddb9,Registered,TRUE
130038,688982c6-4e8f-4b40-8987-d004710a4de7,Registered,TRUE
130048,1787f3e1-3315-485a-95d7-1da21ed4ddb9,Registered,FALSE
130072,e929ea71-44ac-4fb1-b831-33a00fc649e7,Registered,TRUE
130076,e929ea71-44ac-4fb1-b831-33a00fc649e7,Registered,TRUE
130088,1787f3e1-3315-485a-95d7-1da21ed4ddb9,Registered,TRUE
130180,90927b93-07cf-4d47-bc16-1e0da1bc5576,Registered,TRUE
130209,1787f3e1-3315-485a-95d7-1da21ed4ddb9,Registered,FALSE
130212,1787f3e1-3315-485a-95d7-1da21ed4ddb9,Registered,TRUE
130256,e929ea71-44ac-4fb1-b831-33a00fc649e7,Registered,TRUE
130331,1787f3e1-3315-485a-95d7-1da21ed4ddb9,Registered,TRUE
130340,90927b93-07cf-4d47-bc16-1e0da1bc5576,Registered,TRUE
130403,1787f3e1-3315-485a-95d7-1da21ed4ddb9,Registered,FALSE
130411,688982c6-4e8f-4b40-8987-d004710a4de7,Registered,FALSE
130416,1787f3e1-3315-485a-95d7-1da21ed4ddb9,Registered,TRUE
130417,1787f3e1-3315-485a-95d7-1da21ed4ddb9,Registered,FALSE
130495,1787f3e1-3315-485a-95d7-1da21ed4ddb9,Registered,TRUE
130515,1787f3e1-3315-485a-95d7-1da21ed4ddb9,Registered,TRUE
130757,1787f3e1-3315-485a-95d7-1da21ed4ddb9,Registered,TRUE
13087,1787f3e1-3315-485a-95d7-1da21ed4ddb9,Registered,TRUE
130899,1787f3e1-3315-485a-95d7-1da21ed4ddb9,Registered,TRUE
130933,e929ea71-44ac-4fb1-b831-33a00fc649e7,Registered,TRUE
130973,1787f3e1-3315-485a-95d7-1da21ed4ddb9,Registered,TRUE
131034,1787f3e1-3315-485a-95d7-1da21ed4ddb9,Registered,TRUE
131038,1787f3e1-3315-485a-95d7-1da21ed4ddb9,Registered,FALSE
131053,1787f3e1-3315-485a-95d7-1da21ed4ddb9,Registered,TRUE
131069,e929ea71-44ac-4fb1-b831-33a00fc649e7,Registered,TRUE
131071,1787f3e1-3315-485a-95d7-1da21ed4ddb9,Registered,TRUE
131104,1787f3e1-3315-485a-95d7-1da21ed4ddb9,Registered,TRUE
131104,688982c6-4e8f-4b40-8987-d004710a4de7,Registered,TRUE
131111,1787f3e1-3315-485a-95d7-1da21ed4ddb9,Registered,TRUE
131169,1787f3e1-3315-485a-95d7-1da21ed4ddb9,Registered,TRUE
13123,1787f3e1-3315-485a-95d7-1da21ed4ddb9,Registered,TRUE
13123,688982c6-4e8f-4b40-8987-d004710a4de7,Registered,TRUE
131528,1787f3e1-3315-485a-95d7-1da21ed4ddb9,Registered,TRUE
131642,1787f3e1-3315-485a-95d7-1da21ed4ddb9,Registered,TRUE
131642,688982c6-4e8f-4b40-8987-d004710a4de7,Registered,TRUE
131652,1787f3e1-3315-485a-95d7-1da21ed4ddb9,Registered,FALSE
131652,688982c6-4e8f-4b40-8987-d004710a4de7,Registered,TRUE
131660,1787f3e1-3315-485a-95d7-1da21ed4ddb9,Registered,FALSE
131813,1787f3e1-3315-485a-95d7-1da21ed4ddb9,Registered,TRUE
131834,688982c6-4e8f-4b40-8987-d004710a4de7,Registered,TRUE
131855,1787f3e1-3315-485a-95d7-1da21ed4ddb9,Registered,TRUE
131873,1787f3e1-3315-485a-95d7-1da21ed4ddb9,Registered,FALSE
131875,1787f3e1-3315-485a-95d7-1da21ed4ddb9,Registered,FALSE
131884,e929ea71-44ac-4fb1-b831-33a00fc649e7,Registered,TRUE
131886,688982c6-4e8f-4b40-8987-d004710a4de7,Registered,FALSE
131888,688982c6-4e8f-4b40-8987-d004710a4de7,Registered,FALSE
131890,1787f3e1-3315-485a-95d7-1da21ed4ddb9,Registered,TRUE
131890,90927b93-07cf-4d47-bc16-1e0da1bc5576,Registered,FALSE
131938,1787f3e1-3315-485a-95d7-1da21ed4ddb9,Registered,FALSE
131974,1787f3e1-3315-485a-95d7-1da21ed4ddb9,Registered,FALSE
131978,1787f3e1-3315-485a-95d7-1da21ed4ddb9,Registered,TRUE
132011,1787f3e1-3315-485a-95d7-1da21ed4ddb9,Registered,FALSE
132083,1787f3e1-3315-485a-95d7-1da21ed4ddb9,Registered,TRUE
132083,688982c6-4e8f-4b40-8987-d004710a4de7,Registered,FALSE
132099,1787f3e1-3315-485a-95d7-1da21ed4ddb9,Registered,FALSE
132152,1787f3e1-3315-485a-95d7-1da21ed4ddb9,Registered,TRUE
132188,1787f3e1-3315-485a-95d7-1da21ed4ddb9,Registered,TRUE
132190,688982c6-4e8f-4b40-8987-d004710a4de7,Registered,TRUE
132198,1787f3e1-3315-485a-95d7-1da21ed4ddb9,Registered,TRUE
132214,e929ea71-44ac-4fb1-b831-33a00fc649e7,Registered,TRUE
132292,e929ea71-44ac-4fb1-b831-33a00fc649e7,Registered,FALSE
13266,1787f3e1-3315-485a-95d7-1da21ed4ddb9,Registered,FALSE
13432,1787f3e1-3315-485a-95d7-1da21ed4ddb9,Registered,FALSE
13691,1787f3e1-3315-485a-95d7-1da21ed4ddb9,Registered,TRUE
14120,1787f3e1-3315-485a-95d7-1da21ed4ddb9,Registered,FALSE
14934,1787f3e1-3315-485a-95d7-1da21ed4ddb9,Registered,TRUE
15035,1787f3e1-3315-485a-95d7-1da21ed4ddb9,Registered,FALSE
15141,1787f3e1-3315-485a-95d7-1da21ed4ddb9,Registered,TRUE
15436,1787f3e1-3315-485a-95d7-1da21ed4ddb9,Registered,TRUE
15541,1787f3e1-3315-485a-95d7-1da21ed4ddb9,Registered,FALSE
15571,1787f3e1-3315-485a-95d7-1da21ed4ddb9,Registered,TRUE
15733,1787f3e1-3315-485a-95d7-1da21ed4ddb9,Registered,FALSE
15778,1787f3e1-3315-485a-95d7-1da21ed4ddb9,Registered,TRUE
16358,1787f3e1-3315-485a-95d7-1da21ed4ddb9,Registered,TRUE
16635,1787f3e1-3315-485a-95d7-1da21ed4ddb9,Registered,FALSE
16648,1787f3e1-3315-485a-95d7-1da21ed4ddb9,Registered,TRUE
16786,1787f3e1-3315-485a-95d7-1da21ed4ddb9,Will not attend,FALSE
16856,1787f3e1-3315-485a-95d7-1da21ed4ddb9,Registered,TRUE
17277,1787f3e1-3315-485a-95d7-1da21ed4ddb9,Registered,TRUE
17319,1787f3e1-3315-485a-95d7-1da21ed4ddb9,Registered,FALSE
17319,90927b93-07cf-4d47-bc16-1e0da1bc5576,Registered,TRUE
17319,688982c6-4e8f-4b40-8987-d004710a4de7,Registered,TRUE
17375,688982c6-4e8f-4b40-8987-d004710a4de7,Registered,TRUE
17501,1787f3e1-3315-485a-95d7-1da21ed4ddb9,Registered,TRUE
17508,1787f3e1-3315-485a-95d7-1da21ed4ddb9,Registered,TRUE
18331,1787f3e1-3315-485a-95d7-1da21ed4ddb9,Registered,TRUE
18522,1787f3e1-3315-485a-95d7-1da21ed4ddb9,Registered,FALSE
18603,1787f3e1-3315-485a-95d7-1da21ed4ddb9,Registered,TRUE
19569,1787f3e1-3315-485a-95d7-1da21ed4ddb9,Registered,FALSE
20083,1787f3e1-3315-485a-95d7-1da21ed4ddb9,Registered,FALSE
20102,1787f3e1-3315-485a-95d7-1da21ed4ddb9,Will not attend,FALSE
20102,688982c6-4e8f-4b40-8987-d004710a4de7,Registered,TRUE
20454,1787f3e1-3315-485a-95d7-1da21ed4ddb9,Registered,FALSE
20568,1787f3e1-3315-485a-95d7-1da21ed4ddb9,Registered,TRUE
20875,1787f3e1-3315-485a-95d7-1da21ed4ddb9,Registered,TRUE
21404,90927b93-07cf-4d47-bc16-1e0da1bc5576,Registered,FALSE
21876,90927b93-07cf-4d47-bc16-1e0da1bc5576,Will not attend,FALSE
21917,688982c6-4e8f-4b40-8987-d004710a4de7,Registered,TRUE
22488,1787f3e1-3315-485a-95d7-1da21ed4ddb9,Registered,TRUE
22586,1787f3e1-3315-485a-95d7-1da21ed4ddb9,Registered,TRUE
22586,688982c6-4e8f-4b40-8987-d004710a4de7,Registered,TRUE
22992,1787f3e1-3315-485a-95d7-1da21ed4ddb9,Registered,TRUE
23320,1787f3e1-3315-485a-95d7-1da21ed4ddb9,Registered,FALSE
23378,1787f3e1-3315-485a-95d7-1da21ed4ddb9,Registered,TRUE
23408,1787f3e1-3315-485a-95d7-1da21ed4ddb9,Registered,FALSE
23805,1787f3e1-3315-485a-95d7-1da21ed4ddb9,Registered,TRUE
24089,1787f3e1-3315-485a-95d7-1da21ed4ddb9,Registered,TRUE
24133,1787f3e1-3315-485a-95d7-1da21ed4ddb9,Registered,TRUE
24153,1787f3e1-3315-485a-95d7-1da21ed4ddb9,Registered,TRUE
24317,1787f3e1-3315-485a-95d7-1da21ed4ddb9,Registered,FALSE
24346,1787f3e1-3315-485a-95d7-1da21ed4ddb9,Registered,TRUE
24486,1787f3e1-3315-485a-95d7-1da21ed4ddb9,Registered,TRUE
24564,688982c6-4e8f-4b40-8987-d004710a4de7,Registered,TRUE
24580,1787f3e1-3315-485a-95d7-1da21ed4ddb9,Registered,TRUE
24678,1787f3e1-3315-485a-95d7-1da21ed4ddb9,Registered,FALSE
24765,1787f3e1-3315-485a-95d7-1da21ed4ddb9,Registered,FALSE
24879,1787f3e1-3315-485a-95d7-1da21ed4ddb9,Registered,TRUE
24884,1787f3e1-3315-485a-95d7-1da21ed4ddb9,Registered,TRUE
25745,1787f3e1-3315-485a-95d7-1da21ed4ddb9,Registered,TRUE
26016,1787f3e1-3315-485a-95d7-1da21ed4ddb9,Registered,TRUE
26337,1787f3e1-3315-485a-95d7-1da21ed4ddb9,Registered,FALSE
27495,1787f3e1-3315-485a-95d7-1da21ed4ddb9,Registered,TRUE
27512,1787f3e1-3315-485a-95d7-1da21ed4ddb9,Registered,FALSE
27873,1787f3e1-3315-485a-95d7-1da21ed4ddb9,Registered,TRUE
27988,1787f3e1-3315-485a-95d7-1da21ed4ddb9,Registered,TRUE
28173,90927b93-07cf-4d47-bc16-1e0da1bc5576,Registered,FALSE
28173,688982c6-4e8f-4b40-8987-d004710a4de7,Registered,TRUE
28324,1787f3e1-3315-485a-95d7-1da21ed4ddb9,Registered,TRUE
28349,1787f3e1-3315-485a-95d7-1da21ed4ddb9,Registered,FALSE
28364,1787f3e1-3315-485a-95d7-1da21ed4ddb9,Registered,TRUE
28420,1787f3e1-3315-485a-95d7-1da21ed4ddb9,Registered,FALSE
28689,1787f3e1-3315-485a-95d7-1da21ed4ddb9,Will not attend,FALSE
28749,688982c6-4e8f-4b40-8987-d004710a4de7,Registered,TRUE
28795,1787f3e1-3315-485a-95d7-1da21ed4ddb9,Registered,TRUE
28969,1787f3e1-3315-485a-95d7-1da21ed4ddb9,Registered,TRUE
29007,1787f3e1-3315-485a-95d7-1da21ed4ddb9,Registered,FALSE
29036,1787f3e1-3315-485a-95d7-1da21ed4ddb9,Registered,TRUE
29435,1787f3e1-3315-485a-95d7-1da21ed4ddb9,Registered,FALSE
29595,1787f3e1-3315-485a-95d7-1da21ed4ddb9,Registered,TRUE
29914,1787f3e1-3315-485a-95d7-1da21ed4ddb9,Registered,TRUE
29982,688982c6-4e8f-4b40-8987-d004710a4de7,Registered,FALSE
30080,1787f3e1-3315-485a-95d7-1da21ed4ddb9,Registered,TRUE
30124,1787f3e1-3315-485a-95d7-1da21ed4ddb9,Registered,TRUE
30124,688982c6-4e8f-4b40-8987-d004710a4de7,Registered,TRUE
30480,1787f3e1-3315-485a-95d7-1da21ed4ddb9,Registered,FALSE
30522,688982c6-4e8f-4b40-8987-d004710a4de7,Registered,TRUE
30800,688982c6-4e8f-4b40-8987-d004710a4de7,Registered,TRUE
30820,1787f3e1-3315-485a-95d7-1da21ed4ddb9,Registered,TRUE
30820,688982c6-4e8f-4b40-8987-d004710a4de7,Registered,FALSE
30857,1787f3e1-3315-485a-95d7-1da21ed4ddb9,Registered,TRUE
31040,1787f3e1-3315-485a-95d7-1da21ed4ddb9,Registered,FALSE
31072,1787f3e1-3315-485a-95d7-1da21ed4ddb9,Registered,TRUE
31072,688982c6-4e8f-4b40-8987-d004710a4de7,Registered,TRUE
31162,1787f3e1-3315-485a-95d7-1da21ed4ddb9,Registered,FALSE
31513,688982c6-4e8f-4b40-8987-d004710a4de7,Registered,FALSE
31541,1787f3e1-3315-485a-95d7-1da21ed4ddb9,Canceled,FALSE
31551,1787f3e1-3315-485a-95d7-1da21ed4ddb9,Registered,FALSE
31778,90927b93-07cf-4d47-bc16-1e0da1bc5576,Registered,TRUE
32145,1787f3e1-3315-485a-95d7-1da21ed4ddb9,Registered,FALSE
32321,1787f3e1-3315-485a-95d7-1da21ed4ddb9,Registered,TRUE
32405,1787f3e1-3315-485a-95d7-1da21ed4ddb9,Registered,TRUE
32451,1787f3e1-3315-485a-95d7-1da21ed4ddb9,Registered,FALSE
32974,1787f3e1-3315-485a-95d7-1da21ed4ddb9,Registered,TRUE
33289,1787f3e1-3315-485a-95d7-1da21ed4ddb9,Registered,TRUE
33289,688982c6-4e8f-4b40-8987-d004710a4de7,Registered,TRUE
33451,1787f3e1-3315-485a-95d7-1da21ed4ddb9,Registered,FALSE
33519,1787f3e1-3315-485a-95d7-1da21ed4ddb9,Registered,TRUE
33524,1787f3e1-3315-485a-95d7-1da21ed4ddb9,Registered,FALSE
33847,1787f3e1-3315-485a-95d7-1da21ed4ddb9,Registered,TRUE
34030,1787f3e1-3315-485a-95d7-1da21ed4ddb9,Registered,TRUE
34136,1787f3e1-3315-485a-95d7-1da21ed4ddb9,Registered,TRUE
34136,688982c6-4e8f-4b40-8987-d004710a4de7,Registered,FALSE
34143,1787f3e1-3315-485a-95d7-1da21ed4ddb9,Registered,FALSE
35018,90927b93-07cf-4d47-bc16-1e0da1bc5576,Registered,TRUE
35247,e929ea71-44ac-4fb1-b831-33a00fc649e7,Will not attend,FALSE
36006,1787f3e1-3315-485a-95d7-1da21ed4ddb9,Registered,TRUE
36103,e929ea71-44ac-4fb1-b831-33a00fc649e7,Registered,TRUE
36539,1787f3e1-3315-485a-95d7-1da21ed4ddb9,Registered,FALSE
36583,1787f3e1-3315-485a-95d7-1da21ed4ddb9,Registered,TRUE
36594,1787f3e1-3315-485a-95d7-1da21ed4ddb9,Registered,TRUE
36922,1787f3e1-3315-485a-95d7-1da21ed4ddb9,Registered,FALSE
37030,1787f3e1-3315-485a-95d7-1da21ed4ddb9,Registered,TRUE
37072,1787f3e1-3315-485a-95d7-1da21ed4ddb9,Registered,FALSE
37500,1787f3e1-3315-485a-95d7-1da21ed4ddb9,Registered,TRUE
37713,1787f3e1-3315-485a-95d7-1da21ed4ddb9,Registered,TRUE
37758,1787f3e1-3315-485a-95d7-1da21ed4ddb9,Registered,FALSE
37773,1787f3e1-3315-485a-95d7-1da21ed4ddb9,Registered,TRUE
37898,1787f3e1-3315-485a-95d7-1da21ed4ddb9,Registered,TRUE
38362,1787f3e1-3315-485a-95d7-1da21ed4ddb9,Registered,FALSE
39860,1787f3e1-3315-485a-95d7-1da21ed4ddb9,Registered,FALSE
39869,1787f3e1-3315-485a-95d7-1da21ed4ddb9,Registered,TRUE
39992,1787f3e1-3315-485a-95d7-1da21ed4ddb9,Registered,TRUE
40235,1787f3e1-3315-485a-95d7-1da21ed4ddb9,Registered,FALSE
40653,1787f3e1-3315-485a-95d7-1da21ed4ddb9,Registered,TRUE
40659,e929ea71-44ac-4fb1-b831-33a00fc649e7,Registered,TRUE
40793,e929ea71-44ac-4fb1-b831-33a00fc649e7,Registered,TRUE
41079,1787f3e1-3315-485a-95d7-1da21ed4ddb9,Registered,FALSE
41511,1787f3e1-3315-485a-95d7-1da21ed4ddb9,Registered,FALSE
41618,1787f3e1-3315-485a-95d7-1da21ed4ddb9,Registered,TRUE
43797,1787f3e1-3315-485a-95d7-1da21ed4ddb9,Registered,TRUE
43876,1787f3e1-3315-485a-95d7-1da21ed4ddb9,Registered,FALSE
44434,688982c6-4e8f-4b40-8987-d004710a4de7,Registered,FALSE
45388,1787f3e1-3315-485a-95d7-1da21ed4ddb9,Registered,TRUE
45411,e929ea71-44ac-4fb1-b831-33a00fc649e7,Registered,TRUE
45579,1787f3e1-3315-485a-95d7-1da21ed4ddb9,Registered,TRUE
45839,1787f3e1-3315-485a-95d7-1da21ed4ddb9,Registered,TRUE
46019,1787f3e1-3315-485a-95d7-1da21ed4ddb9,Registered,FALSE
46071,1787f3e1-3315-485a-95d7-1da21ed4ddb9,Registered,TRUE
46144,e929ea71-44ac-4fb1-b831-33a00fc649e7,Registered,TRUE
46240,1787f3e1-3315-485a-95d7-1da21ed4ddb9,Registered,TRUE
46512,1787f3e1-3315-485a-95d7-1da21ed4ddb9,Registered,TRUE
46660,1787f3e1-3315-485a-95d7-1da21ed4ddb9,Registered,FALSE
46762,1787f3e1-3315-485a-95d7-1da21ed4ddb9,Registered,TRUE
46850,e929ea71-44ac-4fb1-b831-33a00fc649e7,Registered,TRUE
47079,1787f3e1-3315-485a-95d7-1da21ed4ddb9,Registered,FALSE
47151,1787f3e1-3315-485a-95d7-1da21ed4ddb9,Registered,TRUE
47724,1787f3e1-3315-485a-95d7-1da21ed4ddb9,Registered,TRUE
47863,1787f3e1-3315-485a-95d7-1da21ed4ddb9,Registered,FALSE
48869,1787f3e1-3315-485a-95d7-1da21ed4ddb9,Registered,TRUE
49326,1787f3e1-3315-485a-95d7-1da21ed4ddb9,Registered,FALSE
49326,e929ea71-44ac-4fb1-b831-33a00fc649e7,Registered,FALSE
49652,e929ea71-44ac-4fb1-b831-33a00fc649e7,Registered,FALSE
49726,1787f3e1-3315-485a-95d7-1da21ed4ddb9,Registered,FALSE
50118,1787f3e1-3315-485a-95d7-1da21ed4ddb9,Registered,FALSE
50192,1787f3e1-3315-485a-95d7-1da21ed4ddb9,Registered,TRUE
50501,1787f3e1-3315-485a-95d7-1da21ed4ddb9,Registered,TRUE
51168,1787f3e1-3315-485a-95d7-1da21ed4ddb9,Registered,TRUE
51258,688982c6-4e8f-4b40-8987-d004710a4de7,Registered,FALSE
51344,1787f3e1-3315-485a-95d7-1da21ed4ddb9,Registered,TRUE
51655,1787f3e1-3315-485a-95d7-1da21ed4ddb9,Registered,FALSE
51695,1787f3e1-3315-485a-95d7-1da21ed4ddb9,Registered,TRUE
51705,1787f3e1-3315-485a-95d7-1da21ed4ddb9,Registered,TRUE
52321,1787f3e1-3315-485a-95d7-1da21ed4ddb9,Registered,TRUE
52929,1787f3e1-3315-485a-95d7-1da21ed4ddb9,Registered,TRUE
52934,1787f3e1-3315-485a-95d7-1da21ed4ddb9,Registered,FALSE
53036,1787f3e1-3315-485a-95d7-1da21ed4ddb9,Registered,TRUE
53525,1787f3e1-3315-485a-95d7-1da21ed4ddb9,Registered,FALSE
54157,1787f3e1-3315-485a-95d7-1da21ed4ddb9,Registered,TRUE
54553,688982c6-4e8f-4b40-8987-d004710a4de7,Registered,TRUE
54958,1787f3e1-3315-485a-95d7-1da21ed4ddb9,Registered,TRUE
57213,1787f3e1-3315-485a-95d7-1da21ed4ddb9,Registered,TRUE
58695,688982c6-4e8f-4b40-8987-d004710a4de7,Registered,TRUE
58912,1787f3e1-3315-485a-95d7-1da21ed4ddb9,Registered,FALSE
60352,1787f3e1-3315-485a-95d7-1da21ed4ddb9,Registered,FALSE
61042,1787f3e1-3315-485a-95d7-1da21ed4ddb9,Registered,TRUE
61602,1787f3e1-3315-485a-95d7-1da21ed4ddb9,Registered,FALSE
63313,1787f3e1-3315-485a-95d7-1da21ed4ddb9,Registered,TRUE
63424,1787f3e1-3315-485a-95d7-1da21ed4ddb9,Registered,TRUE
63473,1787f3e1-3315-485a-95d7-1da21ed4ddb9,Registered,FALSE
63955,1787f3e1-3315-485a-95d7-1da21ed4ddb9,Registered,FALSE
64230,1787f3e1-3315-485a-95d7-1da21ed4ddb9,Registered,TRUE
64419,1787f3e1-3315-485a-95d7-1da21ed4ddb9,Registered,TRUE
64526,1787f3e1-3315-485a-95d7-1da21ed4ddb9,Registered,TRUE
65117,1787f3e1-3315-485a-95d7-1da21ed4ddb9,Registered,TRUE
65134,1787f3e1-3315-485a-95d7-1da21ed4ddb9,Registered,TRUE
65659,90927b93-07cf-4d47-bc16-1e0da1bc5576,Registered,TRUE
67167,1787f3e1-3315-485a-95d7-1da21ed4ddb9,Registered,TRUE
67659,1787f3e1-3315-485a-95d7-1da21ed4ddb9,Registered,TRUE
68956,1787f3e1-3315-485a-95d7-1da21ed4ddb9,Registered,TRUE
68956,90927b93-07cf-4d47-bc16-1e0da1bc5576,Registered,TRUE
69381,1787f3e1-3315-485a-95d7-1da21ed4ddb9,Canceled,FALSE
70788,1787f3e1-3315-485a-95d7-1da21ed4ddb9,Registered,TRUE
70906,1787f3e1-3315-485a-95d7-1da21ed4ddb9,Registered,TRUE
71052,1787f3e1-3315-485a-95d7-1da21ed4ddb9,Registered,TRUE
71778,e929ea71-44ac-4fb1-b831-33a00fc649e7,Registered,TRUE
72217,688982c6-4e8f-4b40-8987-d004710a4de7,Registered,TRUE
73122,1787f3e1-3315-485a-95d7-1da21ed4ddb9,Registered,TRUE
73384,1787f3e1-3315-485a-95d7-1da21ed4ddb9,Registered,FALSE
75788,1787f3e1-3315-485a-95d7-1da21ed4ddb9,Registered,FALSE
78097,688982c6-4e8f-4b40-8987-d004710a4de7,Registered,TRUE
79929,1787f3e1-3315-485a-95d7-1da21ed4ddb9,Registered,TRUE
79946,1787f3e1-3315-485a-95d7-1da21ed4ddb9,Registered,TRUE
80925,688982c6-4e8f-4b40-8987-d004710a4de7,Registered,TRUE
8-10000093,688982c6-4e8f-4b40-8987-d004710a4de7,Registered,TRUE
8-10000849,1787f3e1-3315-485a-95d7-1da21ed4ddb9,Registered,TRUE
8-10008480,1787f3e1-3315-485a-95d7-1da21ed4ddb9,Registered,TRUE
8-10010001,1787f3e1-3315-485a-95d7-1da21ed4ddb9,Registered,FALSE
8-10010159,1787f3e1-3315-485a-95d7-1da21ed4ddb9,Registered,FALSE
8-10010830,1787f3e1-3315-485a-95d7-1da21ed4ddb9,Registered,FALSE
8-10010979,1787f3e1-3315-485a-95d7-1da21ed4ddb9,Registered,FALSE
8-10011332,1787f3e1-3315-485a-95d7-1da21ed4ddb9,Registered,FALSE
8-10013725,1787f3e1-3315-485a-95d7-1da21ed4ddb9,Registered,TRUE
8-10014316,21327acb-aa7d-4000-9532-0a9c864addd3,Registered,FALSE
8-10014964,1787f3e1-3315-485a-95d7-1da21ed4ddb9,Registered,FALSE
8-10017068,21327acb-aa7d-4000-9532-0a9c864addd3,Registered,FALSE
8-10017403,1787f3e1-3315-485a-95d7-1da21ed4ddb9,Registered,TRUE
8-10017698,1787f3e1-3315-485a-95d7-1da21ed4ddb9,Registered,TRUE
8-10017859,1787f3e1-3315-485a-95d7-1da21ed4ddb9,Registered,FALSE
8-10018390,1787f3e1-3315-485a-95d7-1da21ed4ddb9,Registered,FALSE
8-10018439,688982c6-4e8f-4b40-8987-d004710a4de7,Registered,FALSE
8-10018742,688982c6-4e8f-4b40-8987-d004710a4de7,Registered,TRUE
8-10018912,e929ea71-44ac-4fb1-b831-33a00fc649e7,Registered,TRUE
8-10021204,1787f3e1-3315-485a-95d7-1da21ed4ddb9,Registered,FALSE
8-10023493,90927b93-07cf-4d47-bc16-1e0da1bc5576,Registered,TRUE
8-10023918,688982c6-4e8f-4b40-8987-d004710a4de7,Registered,TRUE
8-10025645,1787f3e1-3315-485a-95d7-1da21ed4ddb9,Registered,FALSE
8-10025818,90927b93-07cf-4d47-bc16-1e0da1bc5576,Registered,TRUE
8-10026107,1787f3e1-3315-485a-95d7-1da21ed4ddb9,Registered,TRUE
8-10028330,1787f3e1-3315-485a-95d7-1da21ed4ddb9,Registered,FALSE
8-10029276,e929ea71-44ac-4fb1-b831-33a00fc649e7,Registered,TRUE
8-10031703,1787f3e1-3315-485a-95d7-1da21ed4ddb9,Registered,TRUE
8-10031892,1787f3e1-3315-485a-95d7-1da21ed4ddb9,Registered,FALSE
8-10032002,1787f3e1-3315-485a-95d7-1da21ed4ddb9,Registered,FALSE
8-10033238,1787f3e1-3315-485a-95d7-1da21ed4ddb9,Registered,TRUE
8-10036141,1787f3e1-3315-485a-95d7-1da21ed4ddb9,Registered,FALSE
8-10036141,90927b93-07cf-4d47-bc16-1e0da1bc5576,Will not attend,FALSE
8-10036170,1787f3e1-3315-485a-95d7-1da21ed4ddb9,Registered,TRUE
8-10038959,1787f3e1-3315-485a-95d7-1da21ed4ddb9,Registered,TRUE
8-10039229,1787f3e1-3315-485a-95d7-1da21ed4ddb9,Registered,FALSE
8-10040626,e929ea71-44ac-4fb1-b831-33a00fc649e7,Registered,TRUE
8-10040663,1787f3e1-3315-485a-95d7-1da21ed4ddb9,Registered,TRUE
8-10041726,1787f3e1-3315-485a-95d7-1da21ed4ddb9,Registered,FALSE
8-10042108,1787f3e1-3315-485a-95d7-1da21ed4ddb9,Registered,TRUE
8-10042157,90927b93-07cf-4d47-bc16-1e0da1bc5576,Registered,TRUE
8-10042351,90927b93-07cf-4d47-bc16-1e0da1bc5576,Registered,FALSE
8-10043772,1787f3e1-3315-485a-95d7-1da21ed4ddb9,Registered,TRUE
8-10044449,1787f3e1-3315-485a-95d7-1da21ed4ddb9,Registered,FALSE
8-10044452,e929ea71-44ac-4fb1-b831-33a00fc649e7,Registered,FALSE
8-10044830,1787f3e1-3315-485a-95d7-1da21ed4ddb9,Registered,TRUE
8-10045165,1787f3e1-3315-485a-95d7-1da21ed4ddb9,Registered,FALSE
8-10045270,1787f3e1-3315-485a-95d7-1da21ed4ddb9,Will not attend,FALSE
8-10046105,1787f3e1-3315-485a-95d7-1da21ed4ddb9,Registered,FALSE
8-10046324,1787f3e1-3315-485a-95d7-1da21ed4ddb9,Registered,FALSE
8-10046325,1787f3e1-3315-485a-95d7-1da21ed4ddb9,Registered,TRUE
8-10047133,1787f3e1-3315-485a-95d7-1da21ed4ddb9,Registered,FALSE
8-10047333,688982c6-4e8f-4b40-8987-d004710a4de7,Registered,FALSE
8-10047475,1787f3e1-3315-485a-95d7-1da21ed4ddb9,Registered,TRUE
8-10047741,1787f3e1-3315-485a-95d7-1da21ed4ddb9,Registered,FALSE
8-10048265,1787f3e1-3315-485a-95d7-1da21ed4ddb9,Registered,TRUE
8-10048356,1787f3e1-3315-485a-95d7-1da21ed4ddb9,Registered,FALSE
8-10048600,1787f3e1-3315-485a-95d7-1da21ed4ddb9,Registered,TRUE
8-10049928,1787f3e1-3315-485a-95d7-1da21ed4ddb9,Registered,FALSE
8-10050911,1787f3e1-3315-485a-95d7-1da21ed4ddb9,Registered,TRUE
8-10051100,1787f3e1-3315-485a-95d7-1da21ed4ddb9,Registered,FALSE
8-10051477,1787f3e1-3315-485a-95d7-1da21ed4ddb9,Registered,FALSE
8-10053536,1787f3e1-3315-485a-95d7-1da21ed4ddb9,Registered,TRUE
8-10053639,1787f3e1-3315-485a-95d7-1da21ed4ddb9,Registered,TRUE
8-10054699,1787f3e1-3315-485a-95d7-1da21ed4ddb9,Registered,TRUE
8-10054704,1787f3e1-3315-485a-95d7-1da21ed4ddb9,Registered,FALSE
8-10055121,1787f3e1-3315-485a-95d7-1da21ed4ddb9,Registered,TRUE
8-10055468,1787f3e1-3315-485a-95d7-1da21ed4ddb9,Registered,TRUE
8-10056428,1787f3e1-3315-485a-95d7-1da21ed4ddb9,Registered,TRUE
8-10057213,1787f3e1-3315-485a-95d7-1da21ed4ddb9,Registered,FALSE
8-10057213,e929ea71-44ac-4fb1-b831-33a00fc649e7,Registered,TRUE
8-10058186,1787f3e1-3315-485a-95d7-1da21ed4ddb9,Registered,TRUE
8-10060761,688982c6-4e8f-4b40-8987-d004710a4de7,Canceled,FALSE
8-10061392,1787f3e1-3315-485a-95d7-1da21ed4ddb9,Registered,FALSE
8-10063578,e929ea71-44ac-4fb1-b831-33a00fc649e7,Registered,FALSE
8-10063894,e929ea71-44ac-4fb1-b831-33a00fc649e7,Registered,TRUE
8-10065330,1787f3e1-3315-485a-95d7-1da21ed4ddb9,Registered,FALSE
8-10066323,1787f3e1-3315-485a-95d7-1da21ed4ddb9,Registered,TRUE
8-10066604,1787f3e1-3315-485a-95d7-1da21ed4ddb9,Registered,TRUE
8-10067046,1787f3e1-3315-485a-95d7-1da21ed4ddb9,Registered,FALSE
8-10067119,e929ea71-44ac-4fb1-b831-33a00fc649e7,Registered,TRUE
8-10067467,1787f3e1-3315-485a-95d7-1da21ed4ddb9,Registered,TRUE
8-10067484,1787f3e1-3315-485a-95d7-1da21ed4ddb9,Registered,FALSE
8-10068415,1787f3e1-3315-485a-95d7-1da21ed4ddb9,Registered,TRUE
8-10068822,1787f3e1-3315-485a-95d7-1da21ed4ddb9,Registered,TRUE
8-10068835,1787f3e1-3315-485a-95d7-1da21ed4ddb9,Registered,TRUE
8-10069117,1787f3e1-3315-485a-95d7-1da21ed4ddb9,Registered,FALSE
8-10069210,1787f3e1-3315-485a-95d7-1da21ed4ddb9,Registered,FALSE
8-10069738,1787f3e1-3315-485a-95d7-1da21ed4ddb9,Registered,TRUE
8-10070586,1787f3e1-3315-485a-95d7-1da21ed4ddb9,Registered,TRUE
8-10071350,e929ea71-44ac-4fb1-b831-33a00fc649e7,Registered,TRUE
8-10072140,1787f3e1-3315-485a-95d7-1da21ed4ddb9,Registered,TRUE
8-10073081,1787f3e1-3315-485a-95d7-1da21ed4ddb9,Registered,TRUE
8-10073423,1787f3e1-3315-485a-95d7-1da21ed4ddb9,Registered,FALSE
8-10073698,1787f3e1-3315-485a-95d7-1da21ed4ddb9,Registered,TRUE
8-10074356,1787f3e1-3315-485a-95d7-1da21ed4ddb9,Registered,TRUE
8-10074356,90927b93-07cf-4d47-bc16-1e0da1bc5576,Registered,TRUE
8-10074495,1787f3e1-3315-485a-95d7-1da21ed4ddb9,Registered,TRUE
8-10074505,1787f3e1-3315-485a-95d7-1da21ed4ddb9,Registered,FALSE
8-10074604,90927b93-07cf-4d47-bc16-1e0da1bc5576,Registered,TRUE
8-10075720,1787f3e1-3315-485a-95d7-1da21ed4ddb9,Registered,TRUE
8-10075810,1787f3e1-3315-485a-95d7-1da21ed4ddb9,Registered,TRUE
8-10076008,90927b93-07cf-4d47-bc16-1e0da1bc5576,Registered,TRUE
8-10076023,90927b93-07cf-4d47-bc16-1e0da1bc5576,Registered,FALSE
8-10076818,1787f3e1-3315-485a-95d7-1da21ed4ddb9,Registered,FALSE
8-10078160,688982c6-4e8f-4b40-8987-d004710a4de7,Registered,FALSE
8-10078762,688982c6-4e8f-4b40-8987-d004710a4de7,Registered,TRUE
8-10078776,1787f3e1-3315-485a-95d7-1da21ed4ddb9,Registered,TRUE
8-10079172,1787f3e1-3315-485a-95d7-1da21ed4ddb9,Registered,TRUE
8-10079223,1787f3e1-3315-485a-95d7-1da21ed4ddb9,Registered,TRUE
8-10079388,1787f3e1-3315-485a-95d7-1da21ed4ddb9,Registered,FALSE
8-10079828,1787f3e1-3315-485a-95d7-1da21ed4ddb9,Registered,TRUE
8-10080155,1787f3e1-3315-485a-95d7-1da21ed4ddb9,Registered,FALSE
8-10080269,90927b93-07cf-4d47-bc16-1e0da1bc5576,Registered,TRUE
8-10080322,1787f3e1-3315-485a-95d7-1da21ed4ddb9,Registered,TRUE
8-10082303,1787f3e1-3315-485a-95d7-1da21ed4ddb9,Registered,FALSE
8-10082965,e929ea71-44ac-4fb1-b831-33a00fc649e7,Registered,FALSE
8-10083019,e929ea71-44ac-4fb1-b831-33a00fc649e7,Registered,TRUE
8-10083028,1787f3e1-3315-485a-95d7-1da21ed4ddb9,Registered,TRUE
8-10083202,1787f3e1-3315-485a-95d7-1da21ed4ddb9,Registered,TRUE
8-10083297,1787f3e1-3315-485a-95d7-1da21ed4ddb9,Registered,TRUE
8-10083318,1787f3e1-3315-485a-95d7-1da21ed4ddb9,Registered,FALSE
8-10084370,1787f3e1-3315-485a-95d7-1da21ed4ddb9,Registered,TRUE
8-10084470,1787f3e1-3315-485a-95d7-1da21ed4ddb9,Registered,TRUE
8-10084539,688982c6-4e8f-4b40-8987-d004710a4de7,Registered,TRUE
8-10084909,e929ea71-44ac-4fb1-b831-33a00fc649e7,Registered,TRUE
8-10085168,1787f3e1-3315-485a-95d7-1da21ed4ddb9,Registered,TRUE
8-10085204,1787f3e1-3315-485a-95d7-1da21ed4ddb9,Registered,TRUE
8-10086474,1787f3e1-3315-485a-95d7-1da21ed4ddb9,Registered,FALSE
8-10086533,1787f3e1-3315-485a-95d7-1da21ed4ddb9,Registered,TRUE
8-10087339,1787f3e1-3315-485a-95d7-1da21ed4ddb9,Registered,FALSE
8-10087568,1787f3e1-3315-485a-95d7-1da21ed4ddb9,Registered,FALSE
8-10088277,1787f3e1-3315-485a-95d7-1da21ed4ddb9,Registered,TRUE
8-10088985,1787f3e1-3315-485a-95d7-1da21ed4ddb9,Registered,FALSE
8-10089076,1787f3e1-3315-485a-95d7-1da21ed4ddb9,Registered,TRUE
8-10089264,1787f3e1-3315-485a-95d7-1da21ed4ddb9,Registered,FALSE
8-10089509,1787f3e1-3315-485a-95d7-1da21ed4ddb9,Registered,TRUE
8-10089615,1787f3e1-3315-485a-95d7-1da21ed4ddb9,Registered,TRUE
8-10089879,e929ea71-44ac-4fb1-b831-33a00fc649e7,Registered,TRUE
8-10090028,1787f3e1-3315-485a-95d7-1da21ed4ddb9,Registered,TRUE
8-10090086,1787f3e1-3315-485a-95d7-1da21ed4ddb9,Registered,FALSE
8-10090628,1787f3e1-3315-485a-95d7-1da21ed4ddb9,Registered,FALSE
8-10090630,1787f3e1-3315-485a-95d7-1da21ed4ddb9,Registered,TRUE
8-10092074,90927b93-07cf-4d47-bc16-1e0da1bc5576,Registered,TRUE
8-10092123,1787f3e1-3315-485a-95d7-1da21ed4ddb9,Registered,FALSE
8-10092516,1787f3e1-3315-485a-95d7-1da21ed4ddb9,Registered,TRUE
8-10092666,1787f3e1-3315-485a-95d7-1da21ed4ddb9,Registered,TRUE
8-10092825,e929ea71-44ac-4fb1-b831-33a00fc649e7,Registered,TRUE
8-10093442,1787f3e1-3315-485a-95d7-1da21ed4ddb9,Registered,TRUE
8-10093718,e929ea71-44ac-4fb1-b831-33a00fc649e7,Registered,FALSE
8-10093914,1787f3e1-3315-485a-95d7-1da21ed4ddb9,Registered,TRUE
8-10094648,1787f3e1-3315-485a-95d7-1da21ed4ddb9,Registered,TRUE
8-10094697,1787f3e1-3315-485a-95d7-1da21ed4ddb9,Registered,TRUE
8-10095475,1787f3e1-3315-485a-95d7-1da21ed4ddb9,Registered,FALSE
8-10095724,90927b93-07cf-4d47-bc16-1e0da1bc5576,Registered,FALSE
8-10095776,1787f3e1-3315-485a-95d7-1da21ed4ddb9,Registered,TRUE
8-10095831,1787f3e1-3315-485a-95d7-1da21ed4ddb9,Will not attend,FALSE
8-10096138,1787f3e1-3315-485a-95d7-1da21ed4ddb9,Registered,TRUE
8-10096347,1787f3e1-3315-485a-95d7-1da21ed4ddb9,Registered,TRUE
8-10096397,1787f3e1-3315-485a-95d7-1da21ed4ddb9,Registered,FALSE
8-10096453,1787f3e1-3315-485a-95d7-1da21ed4ddb9,Registered,TRUE
8-10096486,e929ea71-44ac-4fb1-b831-33a00fc649e7,Registered,TRUE
8-10097137,1787f3e1-3315-485a-95d7-1da21ed4ddb9,Registered,TRUE
8-10097221,1787f3e1-3315-485a-95d7-1da21ed4ddb9,Registered,TRUE
8-10097533,1787f3e1-3315-485a-95d7-1da21ed4ddb9,Registered,FALSE
8-10097864,e929ea71-44ac-4fb1-b831-33a00fc649e7,Registered,TRUE
8-10098136,1787f3e1-3315-485a-95d7-1da21ed4ddb9,Registered,TRUE
8-10098199,e929ea71-44ac-4fb1-b831-33a00fc649e7,Registered,TRUE
8-10098432,1787f3e1-3315-485a-95d7-1da21ed4ddb9,Registered,TRUE
8-10099182,e929ea71-44ac-4fb1-b831-33a00fc649e7,Registered,TRUE
8-10099481,e929ea71-44ac-4fb1-b831-33a00fc649e7,Registered,TRUE
8-10135032,1787f3e1-3315-485a-95d7-1da21ed4ddb9,Registered,TRUE
8-10135077,e929ea71-44ac-4fb1-b831-33a00fc649e7,Registered,TRUE
8-10135126,1787f3e1-3315-485a-95d7-1da21ed4ddb9,Registered,FALSE
8-10135126,e929ea71-44ac-4fb1-b831-33a00fc649e7,Registered,TRUE
8-10135254,e929ea71-44ac-4fb1-b831-33a00fc649e7,Registered,TRUE
8-10135257,e929ea71-44ac-4fb1-b831-33a00fc649e7,Registered,TRUE
8-10135258,e929ea71-44ac-4fb1-b831-33a00fc649e7,Registered,TRUE
8-10135260,e929ea71-44ac-4fb1-b831-33a00fc649e7,Registered,TRUE
8-10135261,e929ea71-44ac-4fb1-b831-33a00fc649e7,Registered,TRUE
8-10135262,e929ea71-44ac-4fb1-b831-33a00fc649e7,Registered,FALSE
8-10135264,e929ea71-44ac-4fb1-b831-33a00fc649e7,Registered,FALSE
8-10135265,e929ea71-44ac-4fb1-b831-33a00fc649e7,Registered,TRUE
8-10135266,e929ea71-44ac-4fb1-b831-33a00fc649e7,Registered,FALSE
8-10135267,e929ea71-44ac-4fb1-b831-33a00fc649e7,Registered,TRUE
8-10135286,e929ea71-44ac-4fb1-b831-33a00fc649e7,Registered,TRUE
8-10135287,e929ea71-44ac-4fb1-b831-33a00fc649e7,Registered,TRUE
8-10135381,e929ea71-44ac-4fb1-b831-33a00fc649e7,Registered,TRUE
8-10135445,e929ea71-44ac-4fb1-b831-33a00fc649e7,Registered,TRUE
8-10135446,e929ea71-44ac-4fb1-b831-33a00fc649e7,Registered,TRUE
8-10135483,1787f3e1-3315-485a-95d7-1da21ed4ddb9,Registered,TRUE
8-10135483,e929ea71-44ac-4fb1-b831-33a00fc649e7,Registered,TRUE
8-10135484,e929ea71-44ac-4fb1-b831-33a00fc649e7,Registered,TRUE
8-10135486,e929ea71-44ac-4fb1-b831-33a00fc649e7,Registered,FALSE
8-10135487,e929ea71-44ac-4fb1-b831-33a00fc649e7,Registered,TRUE
8-10135488,e929ea71-44ac-4fb1-b831-33a00fc649e7,Registered,TRUE
8-10135489,e929ea71-44ac-4fb1-b831-33a00fc649e7,Registered,TRUE
8-10135490,e929ea71-44ac-4fb1-b831-33a00fc649e7,Registered,TRUE
8-10135492,e929ea71-44ac-4fb1-b831-33a00fc649e7,Registered,TRUE
8-10135565,1787f3e1-3315-485a-95d7-1da21ed4ddb9,Registered,TRUE
8-10135610,1787f3e1-3315-485a-95d7-1da21ed4ddb9,Registered,TRUE
8-10135638,e929ea71-44ac-4fb1-b831-33a00fc649e7,Registered,TRUE
8-10135641,e929ea71-44ac-4fb1-b831-33a00fc649e7,Registered,TRUE
8-10135642,e929ea71-44ac-4fb1-b831-33a00fc649e7,Registered,TRUE
8-10135645,e929ea71-44ac-4fb1-b831-33a00fc649e7,Registered,TRUE
8-10135646,e929ea71-44ac-4fb1-b831-33a00fc649e7,Registered,TRUE
8-10135647,e929ea71-44ac-4fb1-b831-33a00fc649e7,Registered,TRUE
8-10135648,e929ea71-44ac-4fb1-b831-33a00fc649e7,Registered,TRUE
8-10135649,e929ea71-44ac-4fb1-b831-33a00fc649e7,Registered,TRUE
8-10135655,688982c6-4e8f-4b40-8987-d004710a4de7,Registered,FALSE
8-10135663,1787f3e1-3315-485a-95d7-1da21ed4ddb9,Registered,FALSE
8-10135672,e929ea71-44ac-4fb1-b831-33a00fc649e7,Registered,TRUE
8-10135729,e929ea71-44ac-4fb1-b831-33a00fc649e7,Registered,TRUE
8-10135730,e929ea71-44ac-4fb1-b831-33a00fc649e7,Registered,TRUE
8-10135805,e929ea71-44ac-4fb1-b831-33a00fc649e7,Registered,FALSE
8-10135865,e929ea71-44ac-4fb1-b831-33a00fc649e7,Registered,TRUE
8-10135873,e929ea71-44ac-4fb1-b831-33a00fc649e7,Registered,TRUE
8-10135901,1787f3e1-3315-485a-95d7-1da21ed4ddb9,Registered,FALSE
8-10135911,e929ea71-44ac-4fb1-b831-33a00fc649e7,Canceled,FALSE
8-10135911,e929ea71-44ac-4fb1-b831-33a00fc649e7,Registered,TRUE
8-10135912,e929ea71-44ac-4fb1-b831-33a00fc649e7,Registered,TRUE
8-10135913,e929ea71-44ac-4fb1-b831-33a00fc649e7,Registered,TRUE
8-10135914,e929ea71-44ac-4fb1-b831-33a00fc649e7,Registered,TRUE
8-10135915,e929ea71-44ac-4fb1-b831-33a00fc649e7,Registered,TRUE
8-10135965,1787f3e1-3315-485a-95d7-1da21ed4ddb9,Registered,TRUE
8-10136023,90927b93-07cf-4d47-bc16-1e0da1bc5576,Registered,TRUE
8-10136023,688982c6-4e8f-4b40-8987-d004710a4de7,Registered,TRUE
8-10136171,e929ea71-44ac-4fb1-b831-33a00fc649e7,Registered,TRUE
8-10136196,e929ea71-44ac-4fb1-b831-33a00fc649e7,Registered,TRUE
8-10136197,e929ea71-44ac-4fb1-b831-33a00fc649e7,Registered,TRUE
8-10136260,e929ea71-44ac-4fb1-b831-33a00fc649e7,Registered,TRUE
8-10136261,e929ea71-44ac-4fb1-b831-33a00fc649e7,Registered,TRUE
8-10136262,e929ea71-44ac-4fb1-b831-33a00fc649e7,Registered,TRUE
8-10136263,e929ea71-44ac-4fb1-b831-33a00fc649e7,Registered,TRUE
8-10136264,e929ea71-44ac-4fb1-b831-33a00fc649e7,Registered,TRUE
8-10136284,1787f3e1-3315-485a-95d7-1da21ed4ddb9,Registered,FALSE
8-10136326,e929ea71-44ac-4fb1-b831-33a00fc649e7,Registered,TRUE
8-10136426,1787f3e1-3315-485a-95d7-1da21ed4ddb9,Registered,TRUE
8-10136465,e929ea71-44ac-4fb1-b831-33a00fc649e7,Registered,TRUE
8-10136494,e929ea71-44ac-4fb1-b831-33a00fc649e7,Registered,FALSE
8-10136495,e929ea71-44ac-4fb1-b831-33a00fc649e7,Registered,TRUE
8-10136496,e929ea71-44ac-4fb1-b831-33a00fc649e7,Registered,TRUE
8-10136589,e929ea71-44ac-4fb1-b831-33a00fc649e7,Registered,TRUE
8-10136590,e929ea71-44ac-4fb1-b831-33a00fc649e7,Registered,FALSE
8-10136591,e929ea71-44ac-4fb1-b831-33a00fc649e7,Registered,FALSE
8-10136607,1787f3e1-3315-485a-95d7-1da21ed4ddb9,Registered,TRUE
8-10136619,e929ea71-44ac-4fb1-b831-33a00fc649e7,Registered,TRUE
8-10136634,e929ea71-44ac-4fb1-b831-33a00fc649e7,Registered,TRUE
8-10136710,e929ea71-44ac-4fb1-b831-33a00fc649e7,Registered,TRUE
8-10136713,e929ea71-44ac-4fb1-b831-33a00fc649e7,Registered,TRUE
8-10136804,90927b93-07cf-4d47-bc16-1e0da1bc5576,Registered,FALSE
8-10136804,688982c6-4e8f-4b40-8987-d004710a4de7,Registered,FALSE
8-10136872,1787f3e1-3315-485a-95d7-1da21ed4ddb9,Registered,FALSE
8-10136946,1787f3e1-3315-485a-95d7-1da21ed4ddb9,Registered,TRUE
8-10136971,688982c6-4e8f-4b40-8987-d004710a4de7,Registered,FALSE
8-10136997,e929ea71-44ac-4fb1-b831-33a00fc649e7,Registered,FALSE
8-10136998,e929ea71-44ac-4fb1-b831-33a00fc649e7,Registered,TRUE
8-10137026,e929ea71-44ac-4fb1-b831-33a00fc649e7,Registered,FALSE
8-10137027,e929ea71-44ac-4fb1-b831-33a00fc649e7,Registered,FALSE
8-10137129,e929ea71-44ac-4fb1-b831-33a00fc649e7,Registered,TRUE
8-10137130,e929ea71-44ac-4fb1-b831-33a00fc649e7,Registered,TRUE
8-10137131,e929ea71-44ac-4fb1-b831-33a00fc649e7,Registered,TRUE
8-10137132,e929ea71-44ac-4fb1-b831-33a00fc649e7,Registered,TRUE
8-10137133,e929ea71-44ac-4fb1-b831-33a00fc649e7,Registered,TRUE
8-10137134,e929ea71-44ac-4fb1-b831-33a00fc649e7,Registered,FALSE
8-10137169,e929ea71-44ac-4fb1-b831-33a00fc649e7,Registered,TRUE
8-10137170,e929ea71-44ac-4fb1-b831-33a00fc649e7,Registered,TRUE
8-10137223,1787f3e1-3315-485a-95d7-1da21ed4ddb9,Registered,TRUE
8-10137253,e929ea71-44ac-4fb1-b831-33a00fc649e7,Registered,TRUE
8-10137306,1787f3e1-3315-485a-95d7-1da21ed4ddb9,Registered,TRUE
8-10137369,1787f3e1-3315-485a-95d7-1da21ed4ddb9,Registered,FALSE
8-10137709,e929ea71-44ac-4fb1-b831-33a00fc649e7,Registered,TRUE
8-10137738,e929ea71-44ac-4fb1-b831-33a00fc649e7,Registered,FALSE
8-10137739,e929ea71-44ac-4fb1-b831-33a00fc649e7,Registered,TRUE
8-10137740,e929ea71-44ac-4fb1-b831-33a00fc649e7,Registered,TRUE
8-10137752,e929ea71-44ac-4fb1-b831-33a00fc649e7,Registered,FALSE
8-10137794,e929ea71-44ac-4fb1-b831-33a00fc649e7,Registered,TRUE
8-10137795,e929ea71-44ac-4fb1-b831-33a00fc649e7,Registered,TRUE
8-10137796,e929ea71-44ac-4fb1-b831-33a00fc649e7,Registered,FALSE
8-10137821,e929ea71-44ac-4fb1-b831-33a00fc649e7,Registered,TRUE
8-10137822,e929ea71-44ac-4fb1-b831-33a00fc649e7,Registered,TRUE
8-10137910,e929ea71-44ac-4fb1-b831-33a00fc649e7,Registered,TRUE
8-10137955,e929ea71-44ac-4fb1-b831-33a00fc649e7,Registered,TRUE
8-10137957,e929ea71-44ac-4fb1-b831-33a00fc649e7,Registered,TRUE
8-10138024,1787f3e1-3315-485a-95d7-1da21ed4ddb9,Registered,TRUE
8-10138053,1787f3e1-3315-485a-95d7-1da21ed4ddb9,Registered,FALSE
8-10138121,e929ea71-44ac-4fb1-b831-33a00fc649e7,Registered,TRUE
8-10138122,e929ea71-44ac-4fb1-b831-33a00fc649e7,Registered,TRUE
8-10138123,e929ea71-44ac-4fb1-b831-33a00fc649e7,Registered,FALSE
8-10138126,e929ea71-44ac-4fb1-b831-33a00fc649e7,Registered,TRUE
8-10138127,e929ea71-44ac-4fb1-b831-33a00fc649e7,Registered,TRUE
8-10138128,e929ea71-44ac-4fb1-b831-33a00fc649e7,Registered,TRUE
8-10138130,e929ea71-44ac-4fb1-b831-33a00fc649e7,Registered,TRUE
8-10138132,e929ea71-44ac-4fb1-b831-33a00fc649e7,Registered,FALSE
8-10138135,e929ea71-44ac-4fb1-b831-33a00fc649e7,Registered,TRUE
8-10138137,e929ea71-44ac-4fb1-b831-33a00fc649e7,Registered,TRUE
8-10138138,e929ea71-44ac-4fb1-b831-33a00fc649e7,Registered,TRUE
8-10138139,e929ea71-44ac-4fb1-b831-33a00fc649e7,Registered,TRUE
8-10138140,e929ea71-44ac-4fb1-b831-33a00fc649e7,Registered,TRUE
8-10138142,e929ea71-44ac-4fb1-b831-33a00fc649e7,Registered,FALSE
8-10138143,e929ea71-44ac-4fb1-b831-33a00fc649e7,Registered,TRUE
8-10138147,e929ea71-44ac-4fb1-b831-33a00fc649e7,Registered,TRUE
8-10138152,e929ea71-44ac-4fb1-b831-33a00fc649e7,Registered,TRUE
8-10138155,e929ea71-44ac-4fb1-b831-33a00fc649e7,Registered,TRUE
8-10138158,e929ea71-44ac-4fb1-b831-33a00fc649e7,Registered,TRUE
8-10138166,e929ea71-44ac-4fb1-b831-33a00fc649e7,Registered,TRUE
8-10138221,e929ea71-44ac-4fb1-b831-33a00fc649e7,Registered,TRUE
8-10138224,e929ea71-44ac-4fb1-b831-33a00fc649e7,Registered,TRUE
8-10138226,e929ea71-44ac-4fb1-b831-33a00fc649e7,Registered,TRUE
8-10138227,e929ea71-44ac-4fb1-b831-33a00fc649e7,Registered,TRUE
8-10138228,e929ea71-44ac-4fb1-b831-33a00fc649e7,Registered,TRUE
8-10138229,e929ea71-44ac-4fb1-b831-33a00fc649e7,Registered,TRUE
8-10138230,e929ea71-44ac-4fb1-b831-33a00fc649e7,Registered,TRUE
8-10138231,e929ea71-44ac-4fb1-b831-33a00fc649e7,Registered,TRUE
8-10138232,e929ea71-44ac-4fb1-b831-33a00fc649e7,Registered,TRUE
8-10138233,e929ea71-44ac-4fb1-b831-33a00fc649e7,Registered,TRUE
8-10138234,e929ea71-44ac-4fb1-b831-33a00fc649e7,Registered,TRUE
8-10138237,e929ea71-44ac-4fb1-b831-33a00fc649e7,Registered,TRUE
8-10138238,e929ea71-44ac-4fb1-b831-33a00fc649e7,Registered,TRUE
8-10138239,e929ea71-44ac-4fb1-b831-33a00fc649e7,Registered,TRUE
8-10138240,e929ea71-44ac-4fb1-b831-33a00fc649e7,Registered,TRUE
8-10138241,e929ea71-44ac-4fb1-b831-33a00fc649e7,Registered,TRUE
8-10138242,e929ea71-44ac-4fb1-b831-33a00fc649e7,Registered,TRUE
8-10138243,1787f3e1-3315-485a-95d7-1da21ed4ddb9,Registered,FALSE
8-10138246,e929ea71-44ac-4fb1-b831-33a00fc649e7,Registered,TRUE
8-10138249,e929ea71-44ac-4fb1-b831-33a00fc649e7,Registered,FALSE
8-10138288,e929ea71-44ac-4fb1-b831-33a00fc649e7,Registered,TRUE
8-10138290,e929ea71-44ac-4fb1-b831-33a00fc649e7,Registered,TRUE
8-10138291,e929ea71-44ac-4fb1-b831-33a00fc649e7,Registered,TRUE
8-10138292,e929ea71-44ac-4fb1-b831-33a00fc649e7,Registered,TRUE
8-10138293,e929ea71-44ac-4fb1-b831-33a00fc649e7,Registered,TRUE
8-10138294,e929ea71-44ac-4fb1-b831-33a00fc649e7,Registered,TRUE
8-10138295,e929ea71-44ac-4fb1-b831-33a00fc649e7,Registered,TRUE
8-10138296,e929ea71-44ac-4fb1-b831-33a00fc649e7,Registered,TRUE
8-10138297,e929ea71-44ac-4fb1-b831-33a00fc649e7,Registered,TRUE
8-10138330,e929ea71-44ac-4fb1-b831-33a00fc649e7,Registered,TRUE
8-10138331,e929ea71-44ac-4fb1-b831-33a00fc649e7,Registered,TRUE
8-10138332,e929ea71-44ac-4fb1-b831-33a00fc649e7,Registered,TRUE
8-10138333,e929ea71-44ac-4fb1-b831-33a00fc649e7,Registered,TRUE
8-10138334,e929ea71-44ac-4fb1-b831-33a00fc649e7,Registered,TRUE
8-10138335,e929ea71-44ac-4fb1-b831-33a00fc649e7,Registered,TRUE
8-10138336,e929ea71-44ac-4fb1-b831-33a00fc649e7,Registered,TRUE
8-10138379,e929ea71-44ac-4fb1-b831-33a00fc649e7,Registered,TRUE
8-10138380,e929ea71-44ac-4fb1-b831-33a00fc649e7,Registered,FALSE
8-10138381,e929ea71-44ac-4fb1-b831-33a00fc649e7,Registered,TRUE
8-10138382,e929ea71-44ac-4fb1-b831-33a00fc649e7,Registered,TRUE
8-10138383,e929ea71-44ac-4fb1-b831-33a00fc649e7,Registered,FALSE
8-10138435,1787f3e1-3315-485a-95d7-1da21ed4ddb9,Registered,TRUE
8-10138435,90927b93-07cf-4d47-bc16-1e0da1bc5576,Canceled,FALSE
8-10138550,1787f3e1-3315-485a-95d7-1da21ed4ddb9,Registered,FALSE
8-10138576,1787f3e1-3315-485a-95d7-1da21ed4ddb9,Registered,TRUE
8-10138586,1787f3e1-3315-485a-95d7-1da21ed4ddb9,Registered,TRUE
8-10138622,90927b93-07cf-4d47-bc16-1e0da1bc5576,Will not attend,FALSE
8-10138659,1787f3e1-3315-485a-95d7-1da21ed4ddb9,Registered,FALSE
8-10138765,1787f3e1-3315-485a-95d7-1da21ed4ddb9,Registered,TRUE
8-10138807,1787f3e1-3315-485a-95d7-1da21ed4ddb9,Registered,TRUE
8-10138809,1787f3e1-3315-485a-95d7-1da21ed4ddb9,Registered,TRUE
8-10138907,1787f3e1-3315-485a-95d7-1da21ed4ddb9,Registered,TRUE
8-10139026,1787f3e1-3315-485a-95d7-1da21ed4ddb9,Registered,TRUE
8-10139084,1787f3e1-3315-485a-95d7-1da21ed4ddb9,Registered,FALSE
8-10139099,1787f3e1-3315-485a-95d7-1da21ed4ddb9,Registered,TRUE
8-10139128,1787f3e1-3315-485a-95d7-1da21ed4ddb9,Registered,TRUE
8-10139488,1787f3e1-3315-485a-95d7-1da21ed4ddb9,Registered,FALSE
8-10139711,1787f3e1-3315-485a-95d7-1da21ed4ddb9,Registered,FALSE
8-10139725,1787f3e1-3315-485a-95d7-1da21ed4ddb9,Registered,TRUE
8-10139823,1787f3e1-3315-485a-95d7-1da21ed4ddb9,Registered,FALSE
8-10139863,1787f3e1-3315-485a-95d7-1da21ed4ddb9,Registered,TRUE
8-10140125,1787f3e1-3315-485a-95d7-1da21ed4ddb9,Registered,TRUE
8-10140183,1787f3e1-3315-485a-95d7-1da21ed4ddb9,Registered,FALSE
8-10140326,1787f3e1-3315-485a-95d7-1da21ed4ddb9,Registered,TRUE
8-10140339,1787f3e1-3315-485a-95d7-1da21ed4ddb9,Registered,FALSE
8-10140422,1787f3e1-3315-485a-95d7-1da21ed4ddb9,Registered,TRUE
8-10140525,1787f3e1-3315-485a-95d7-1da21ed4ddb9,Registered,TRUE
8-10140554,1787f3e1-3315-485a-95d7-1da21ed4ddb9,Registered,FALSE
8-10140722,1787f3e1-3315-485a-95d7-1da21ed4ddb9,Registered,TRUE
8-10140725,1787f3e1-3315-485a-95d7-1da21ed4ddb9,Registered,TRUE
8-10140801,1787f3e1-3315-485a-95d7-1da21ed4ddb9,Registered,FALSE
8-10140870,1787f3e1-3315-485a-95d7-1da21ed4ddb9,Registered,FALSE
8-10140889,1787f3e1-3315-485a-95d7-1da21ed4ddb9,Registered,TRUE
8-10140896,1787f3e1-3315-485a-95d7-1da21ed4ddb9,Registered,TRUE
8-10140941,1787f3e1-3315-485a-95d7-1da21ed4ddb9,Registered,FALSE
8-10141008,1787f3e1-3315-485a-95d7-1da21ed4ddb9,Registered,TRUE
8-10141105,1787f3e1-3315-485a-95d7-1da21ed4ddb9,Registered,FALSE
8-10141121,1787f3e1-3315-485a-95d7-1da21ed4ddb9,Registered,FALSE
8-10141123,1787f3e1-3315-485a-95d7-1da21ed4ddb9,Registered,TRUE
8-10141172,1787f3e1-3315-485a-95d7-1da21ed4ddb9,Registered,FALSE
8-10141219,1787f3e1-3315-485a-95d7-1da21ed4ddb9,Registered,FALSE
8-10141228,1787f3e1-3315-485a-95d7-1da21ed4ddb9,Registered,TRUE
8-10141326,1787f3e1-3315-485a-95d7-1da21ed4ddb9,Registered,TRUE
8-10141366,1787f3e1-3315-485a-95d7-1da21ed4ddb9,Registered,FALSE
8-10141458,1787f3e1-3315-485a-95d7-1da21ed4ddb9,Registered,TRUE
8-10141613,1787f3e1-3315-485a-95d7-1da21ed4ddb9,Registered,FALSE
8-10141667,1787f3e1-3315-485a-95d7-1da21ed4ddb9,Registered,FALSE
8-10141747,1787f3e1-3315-485a-95d7-1da21ed4ddb9,Registered,FALSE
8-10141820,1787f3e1-3315-485a-95d7-1da21ed4ddb9,Registered,TRUE
8-10141923,1787f3e1-3315-485a-95d7-1da21ed4ddb9,Registered,FALSE
8-10142023,1787f3e1-3315-485a-95d7-1da21ed4ddb9,Registered,TRUE
8-10142031,1787f3e1-3315-485a-95d7-1da21ed4ddb9,Registered,TRUE
8-10142036,1787f3e1-3315-485a-95d7-1da21ed4ddb9,Registered,TRUE
8-10142094,1787f3e1-3315-485a-95d7-1da21ed4ddb9,Registered,FALSE
8-10142263,1787f3e1-3315-485a-95d7-1da21ed4ddb9,Registered,FALSE
8-10142266,1787f3e1-3315-485a-95d7-1da21ed4ddb9,Registered,FALSE
8-10142489,1787f3e1-3315-485a-95d7-1da21ed4ddb9,Registered,TRUE
8-10142580,1787f3e1-3315-485a-95d7-1da21ed4ddb9,Registered,FALSE
8-10142598,1787f3e1-3315-485a-95d7-1da21ed4ddb9,Registered,FALSE
8-10142624,1787f3e1-3315-485a-95d7-1da21ed4ddb9,Registered,TRUE
8-10142859,1787f3e1-3315-485a-95d7-1da21ed4ddb9,Registered,TRUE
8-10142951,1787f3e1-3315-485a-95d7-1da21ed4ddb9,Will not attend,FALSE
8-10143077,1787f3e1-3315-485a-95d7-1da21ed4ddb9,Registered,TRUE
8-10143131,1787f3e1-3315-485a-95d7-1da21ed4ddb9,Registered,FALSE
8-10143175,1787f3e1-3315-485a-95d7-1da21ed4ddb9,Registered,TRUE
8-10143185,1787f3e1-3315-485a-95d7-1da21ed4ddb9,Registered,TRUE
8-10143200,1787f3e1-3315-485a-95d7-1da21ed4ddb9,Registered,TRUE
8-10143285,1787f3e1-3315-485a-95d7-1da21ed4ddb9,Registered,FALSE
8-10143286,1787f3e1-3315-485a-95d7-1da21ed4ddb9,Registered,FALSE
8-10143289,1787f3e1-3315-485a-95d7-1da21ed4ddb9,Registered,TRUE
8-10143299,1787f3e1-3315-485a-95d7-1da21ed4ddb9,Registered,TRUE
8-10143389,1787f3e1-3315-485a-95d7-1da21ed4ddb9,Registered,TRUE
8-10143441,1787f3e1-3315-485a-95d7-1da21ed4ddb9,Registered,TRUE
8-10143458,1787f3e1-3315-485a-95d7-1da21ed4ddb9,Registered,TRUE
8-10143474,1787f3e1-3315-485a-95d7-1da21ed4ddb9,Registered,TRUE
8-10143493,1787f3e1-3315-485a-95d7-1da21ed4ddb9,Registered,TRUE
8-10143512,1787f3e1-3315-485a-95d7-1da21ed4ddb9,Registered,FALSE
8-10143559,1787f3e1-3315-485a-95d7-1da21ed4ddb9,Registered,FALSE
8-10143574,1787f3e1-3315-485a-95d7-1da21ed4ddb9,Registered,TRUE
8-10143581,1787f3e1-3315-485a-95d7-1da21ed4ddb9,Registered,TRUE
8-10143668,1787f3e1-3315-485a-95d7-1da21ed4ddb9,Registered,FALSE
8-10143698,1787f3e1-3315-485a-95d7-1da21ed4ddb9,Registered,TRUE
8-10143835,1787f3e1-3315-485a-95d7-1da21ed4ddb9,Registered,TRUE
8-10143852,1787f3e1-3315-485a-95d7-1da21ed4ddb9,Registered,TRUE
8-10143905,1787f3e1-3315-485a-95d7-1da21ed4ddb9,Registered,FALSE
8-10143963,1787f3e1-3315-485a-95d7-1da21ed4ddb9,Registered,FALSE
8-10143987,1787f3e1-3315-485a-95d7-1da21ed4ddb9,Registered,TRUE
8-10144086,1787f3e1-3315-485a-95d7-1da21ed4ddb9,Registered,TRUE
8-10144088,1787f3e1-3315-485a-95d7-1da21ed4ddb9,Registered,FALSE
8-10144121,1787f3e1-3315-485a-95d7-1da21ed4ddb9,Registered,TRUE
8-10144145,1787f3e1-3315-485a-95d7-1da21ed4ddb9,Registered,FALSE
8-10144248,1787f3e1-3315-485a-95d7-1da21ed4ddb9,Registered,TRUE
8-10144267,1787f3e1-3315-485a-95d7-1da21ed4ddb9,Registered,TRUE
8-10144296,1787f3e1-3315-485a-95d7-1da21ed4ddb9,Registered,TRUE
8-10144355,1787f3e1-3315-485a-95d7-1da21ed4ddb9,Registered,TRUE
8-10144374,1787f3e1-3315-485a-95d7-1da21ed4ddb9,Registered,FALSE
8-10144416,1787f3e1-3315-485a-95d7-1da21ed4ddb9,Registered,TRUE
8-10144426,1787f3e1-3315-485a-95d7-1da21ed4ddb9,Registered,TRUE
8-10144458,1787f3e1-3315-485a-95d7-1da21ed4ddb9,Registered,TRUE
8-10144473,1787f3e1-3315-485a-95d7-1da21ed4ddb9,Registered,FALSE
8-10144484,1787f3e1-3315-485a-95d7-1da21ed4ddb9,Registered,FALSE
8-10144485,1787f3e1-3315-485a-95d7-1da21ed4ddb9,Registered,FALSE
8-10144502,1787f3e1-3315-485a-95d7-1da21ed4ddb9,Registered,FALSE
8-10144528,1787f3e1-3315-485a-95d7-1da21ed4ddb9,Registered,TRUE
8-10144560,1787f3e1-3315-485a-95d7-1da21ed4ddb9,Registered,FALSE
8-10144589,1787f3e1-3315-485a-95d7-1da21ed4ddb9,Registered,TRUE
8-10144633,1787f3e1-3315-485a-95d7-1da21ed4ddb9,Registered,FALSE
8-10144682,1787f3e1-3315-485a-95d7-1da21ed4ddb9,Registered,FALSE
8-10144704,1787f3e1-3315-485a-95d7-1da21ed4ddb9,Registered,FALSE
8-10144724,1787f3e1-3315-485a-95d7-1da21ed4ddb9,Registered,FALSE
8-10144752,1787f3e1-3315-485a-95d7-1da21ed4ddb9,Registered,TRUE
8-10144785,1787f3e1-3315-485a-95d7-1da21ed4ddb9,Registered,TRUE
8-10144790,1787f3e1-3315-485a-95d7-1da21ed4ddb9,Registered,TRUE
8-10144814,e929ea71-44ac-4fb1-b831-33a00fc649e7,Registered,TRUE
8-10144914,1787f3e1-3315-485a-95d7-1da21ed4ddb9,Registered,FALSE
8-10144960,1787f3e1-3315-485a-95d7-1da21ed4ddb9,Registered,TRUE
8-10145004,1787f3e1-3315-485a-95d7-1da21ed4ddb9,Registered,FALSE
8-10145011,1787f3e1-3315-485a-95d7-1da21ed4ddb9,Registered,TRUE
8-10145016,1787f3e1-3315-485a-95d7-1da21ed4ddb9,Registered,TRUE
8-10145044,1787f3e1-3315-485a-95d7-1da21ed4ddb9,Registered,TRUE
8-10145089,1787f3e1-3315-485a-95d7-1da21ed4ddb9,Registered,FALSE
8-10145108,1787f3e1-3315-485a-95d7-1da21ed4ddb9,Registered,FALSE
8-10145146,1787f3e1-3315-485a-95d7-1da21ed4ddb9,Registered,TRUE
8-10145267,1787f3e1-3315-485a-95d7-1da21ed4ddb9,Registered,TRUE
8-10145286,1787f3e1-3315-485a-95d7-1da21ed4ddb9,Registered,TRUE
8-10145392,1787f3e1-3315-485a-95d7-1da21ed4ddb9,Registered,FALSE
8-10145488,1787f3e1-3315-485a-95d7-1da21ed4ddb9,Registered,FALSE
8-10145500,1787f3e1-3315-485a-95d7-1da21ed4ddb9,Registered,TRUE
8-10145531,1787f3e1-3315-485a-95d7-1da21ed4ddb9,Registered,TRUE
8-10145589,1787f3e1-3315-485a-95d7-1da21ed4ddb9,Registered,FALSE
8-10145678,1787f3e1-3315-485a-95d7-1da21ed4ddb9,Registered,TRUE
8-10145682,1787f3e1-3315-485a-95d7-1da21ed4ddb9,Registered,TRUE
8-10145790,1787f3e1-3315-485a-95d7-1da21ed4ddb9,Registered,FALSE
8-10145812,1787f3e1-3315-485a-95d7-1da21ed4ddb9,Registered,FALSE
8-10145912,1787f3e1-3315-485a-95d7-1da21ed4ddb9,Registered,FALSE
8-10145915,1787f3e1-3315-485a-95d7-1da21ed4ddb9,Registered,TRUE
8-10145928,1787f3e1-3315-485a-95d7-1da21ed4ddb9,Registered,FALSE
8-10145947,1787f3e1-3315-485a-95d7-1da21ed4ddb9,Registered,TRUE
8-10145956,1787f3e1-3315-485a-95d7-1da21ed4ddb9,Registered,FALSE
8-10146010,1787f3e1-3315-485a-95d7-1da21ed4ddb9,Registered,FALSE
8-10146120,1787f3e1-3315-485a-95d7-1da21ed4ddb9,Will not attend,FALSE
8-10146223,1787f3e1-3315-485a-95d7-1da21ed4ddb9,Will not attend,FALSE
8-10146227,1787f3e1-3315-485a-95d7-1da21ed4ddb9,Registered,FALSE
8-10146235,1787f3e1-3315-485a-95d7-1da21ed4ddb9,Registered,TRUE
8-10146420,1787f3e1-3315-485a-95d7-1da21ed4ddb9,Registered,FALSE
8-10146427,1787f3e1-3315-485a-95d7-1da21ed4ddb9,Registered,TRUE
8-10146442,1787f3e1-3315-485a-95d7-1da21ed4ddb9,Registered,TRUE
8-10146463,1787f3e1-3315-485a-95d7-1da21ed4ddb9,Registered,TRUE
8-10146499,1787f3e1-3315-485a-95d7-1da21ed4ddb9,Registered,TRUE
8-10146532,1787f3e1-3315-485a-95d7-1da21ed4ddb9,Registered,FALSE
8-10146610,1787f3e1-3315-485a-95d7-1da21ed4ddb9,Registered,TRUE
8-10146612,1787f3e1-3315-485a-95d7-1da21ed4ddb9,Registered,TRUE
8-10146728,1787f3e1-3315-485a-95d7-1da21ed4ddb9,Registered,TRUE
8-10146790,1787f3e1-3315-485a-95d7-1da21ed4ddb9,Registered,TRUE
8-10146821,1787f3e1-3315-485a-95d7-1da21ed4ddb9,Registered,TRUE
8-10146829,1787f3e1-3315-485a-95d7-1da21ed4ddb9,Registered,TRUE
8-10146833,21327acb-aa7d-4000-9532-0a9c864addd3,Registered,FALSE
8-10146949,1787f3e1-3315-485a-95d7-1da21ed4ddb9,Registered,TRUE
8-10146956,1787f3e1-3315-485a-95d7-1da21ed4ddb9,Registered,FALSE
8-10147064,1787f3e1-3315-485a-95d7-1da21ed4ddb9,Registered,TRUE
8-10147104,1787f3e1-3315-485a-95d7-1da21ed4ddb9,Registered,TRUE
8-10147189,1787f3e1-3315-485a-95d7-1da21ed4ddb9,Registered,TRUE
8-10147210,1787f3e1-3315-485a-95d7-1da21ed4ddb9,Registered,FALSE
8-10147214,1787f3e1-3315-485a-95d7-1da21ed4ddb9,Registered,TRUE
8-10147288,1787f3e1-3315-485a-95d7-1da21ed4ddb9,Registered,TRUE
8-10147371,1787f3e1-3315-485a-95d7-1da21ed4ddb9,Registered,FALSE
8-10147425,1787f3e1-3315-485a-95d7-1da21ed4ddb9,Registered,FALSE
8-10147702,1787f3e1-3315-485a-95d7-1da21ed4ddb9,Registered,TRUE
8-10147715,1787f3e1-3315-485a-95d7-1da21ed4ddb9,Registered,FALSE
8-10147824,1787f3e1-3315-485a-95d7-1da21ed4ddb9,Registered,TRUE
8-10147831,1787f3e1-3315-485a-95d7-1da21ed4ddb9,Registered,TRUE
8-10147862,1787f3e1-3315-485a-95d7-1da21ed4ddb9,Registered,FALSE
8-10147936,1787f3e1-3315-485a-95d7-1da21ed4ddb9,Registered,TRUE
8-10147949,1787f3e1-3315-485a-95d7-1da21ed4ddb9,Registered,FALSE
8-10148021,1787f3e1-3315-485a-95d7-1da21ed4ddb9,Registered,FALSE
8-10148101,1787f3e1-3315-485a-95d7-1da21ed4ddb9,Registered,FALSE
8-10148197,1787f3e1-3315-485a-95d7-1da21ed4ddb9,Registered,TRUE
8-10148271,1787f3e1-3315-485a-95d7-1da21ed4ddb9,Registered,TRUE
8-10148414,1787f3e1-3315-485a-95d7-1da21ed4ddb9,Registered,TRUE
8-10148416,1787f3e1-3315-485a-95d7-1da21ed4ddb9,Registered,FALSE
8-10148594,1787f3e1-3315-485a-95d7-1da21ed4ddb9,Registered,FALSE
8-10148734,1787f3e1-3315-485a-95d7-1da21ed4ddb9,Registered,TRUE
8-10148814,1787f3e1-3315-485a-95d7-1da21ed4ddb9,Registered,TRUE
8-10148970,1787f3e1-3315-485a-95d7-1da21ed4ddb9,Registered,TRUE
8-10148972,1787f3e1-3315-485a-95d7-1da21ed4ddb9,Registered,FALSE
8-10148985,1787f3e1-3315-485a-95d7-1da21ed4ddb9,Registered,TRUE
8-10149076,1787f3e1-3315-485a-95d7-1da21ed4ddb9,Registered,TRUE
8-10149136,1787f3e1-3315-485a-95d7-1da21ed4ddb9,Registered,TRUE
8-10149434,21327acb-aa7d-4000-9532-0a9c864addd3,Registered,FALSE
8-10149434,1787f3e1-3315-485a-95d7-1da21ed4ddb9,Registered,TRUE
8-10149565,1787f3e1-3315-485a-95d7-1da21ed4ddb9,Registered,TRUE
8-10149574,1787f3e1-3315-485a-95d7-1da21ed4ddb9,Registered,TRUE
8-10149581,1787f3e1-3315-485a-95d7-1da21ed4ddb9,Registered,FALSE
8-10149597,1787f3e1-3315-485a-95d7-1da21ed4ddb9,Registered,FALSE
8-10149718,1787f3e1-3315-485a-95d7-1da21ed4ddb9,Registered,FALSE
8-10149794,1787f3e1-3315-485a-95d7-1da21ed4ddb9,Registered,TRUE
8-10149802,1787f3e1-3315-485a-95d7-1da21ed4ddb9,Registered,TRUE
8-10149819,1787f3e1-3315-485a-95d7-1da21ed4ddb9,Registered,TRUE
8-10149826,1787f3e1-3315-485a-95d7-1da21ed4ddb9,Registered,TRUE
8-10149883,1787f3e1-3315-485a-95d7-1da21ed4ddb9,Registered,FALSE
8-10149918,1787f3e1-3315-485a-95d7-1da21ed4ddb9,Registered,TRUE
8-10150034,1787f3e1-3315-485a-95d7-1da21ed4ddb9,Registered,FALSE
8-10150119,1787f3e1-3315-485a-95d7-1da21ed4ddb9,Registered,FALSE
8-10150161,1787f3e1-3315-485a-95d7-1da21ed4ddb9,Registered,FALSE
8-10150251,1787f3e1-3315-485a-95d7-1da21ed4ddb9,Registered,FALSE
8-10150400,1787f3e1-3315-485a-95d7-1da21ed4ddb9,Registered,TRUE
8-10150402,1787f3e1-3315-485a-95d7-1da21ed4ddb9,Registered,TRUE
8-10150449,1787f3e1-3315-485a-95d7-1da21ed4ddb9,Registered,TRUE
8-10150515,1787f3e1-3315-485a-95d7-1da21ed4ddb9,Registered,TRUE
8-10150517,1787f3e1-3315-485a-95d7-1da21ed4ddb9,Registered,TRUE
8-10150612,1787f3e1-3315-485a-95d7-1da21ed4ddb9,Registered,TRUE
8-10150687,1787f3e1-3315-485a-95d7-1da21ed4ddb9,Registered,TRUE
8-10150743,1787f3e1-3315-485a-95d7-1da21ed4ddb9,Registered,TRUE
8-10150763,1787f3e1-3315-485a-95d7-1da21ed4ddb9,Registered,TRUE
8-10150817,1787f3e1-3315-485a-95d7-1da21ed4ddb9,Registered,TRUE
8-10150851,1787f3e1-3315-485a-95d7-1da21ed4ddb9,Registered,TRUE
8-10150963,1787f3e1-3315-485a-95d7-1da21ed4ddb9,Registered,FALSE
8-10151006,1787f3e1-3315-485a-95d7-1da21ed4ddb9,Registered,TRUE
8-10151024,1787f3e1-3315-485a-95d7-1da21ed4ddb9,Registered,FALSE
8-10151036,1787f3e1-3315-485a-95d7-1da21ed4ddb9,Registered,FALSE
8-10151114,1787f3e1-3315-485a-95d7-1da21ed4ddb9,Registered,FALSE
8-10151289,1787f3e1-3315-485a-95d7-1da21ed4ddb9,Registered,FALSE
8-10151289,688982c6-4e8f-4b40-8987-d004710a4de7,Registered,FALSE
8-10151372,1787f3e1-3315-485a-95d7-1da21ed4ddb9,Registered,FALSE
8-10151396,1787f3e1-3315-485a-95d7-1da21ed4ddb9,Registered,TRUE
8-10151490,1787f3e1-3315-485a-95d7-1da21ed4ddb9,Registered,TRUE
8-10151689,1787f3e1-3315-485a-95d7-1da21ed4ddb9,Registered,FALSE
8-10151734,1787f3e1-3315-485a-95d7-1da21ed4ddb9,Registered,FALSE
8-10151742,1787f3e1-3315-485a-95d7-1da21ed4ddb9,Registered,FALSE
8-10151800,1787f3e1-3315-485a-95d7-1da21ed4ddb9,Registered,TRUE
8-10151809,1787f3e1-3315-485a-95d7-1da21ed4ddb9,Registered,TRUE
8-10152123,1787f3e1-3315-485a-95d7-1da21ed4ddb9,Registered,FALSE
8-10152189,1787f3e1-3315-485a-95d7-1da21ed4ddb9,Registered,FALSE
8-10155266,21327acb-aa7d-4000-9532-0a9c864addd3,Registered,FALSE
81097,1787f3e1-3315-485a-95d7-1da21ed4ddb9,Registered,TRUE
82835,1787f3e1-3315-485a-95d7-1da21ed4ddb9,Registered,TRUE
83109,1787f3e1-3315-485a-95d7-1da21ed4ddb9,Registered,FALSE
85479,1787f3e1-3315-485a-95d7-1da21ed4ddb9,Registered,TRUE
85508,1787f3e1-3315-485a-95d7-1da21ed4ddb9,Registered,TRUE
85813,1787f3e1-3315-485a-95d7-1da21ed4ddb9,Registered,TRUE
85877,1787f3e1-3315-485a-95d7-1da21ed4ddb9,Registered,TRUE
85877,90927b93-07cf-4d47-bc16-1e0da1bc5576,Registered,TRUE
86038,1787f3e1-3315-485a-95d7-1da21ed4ddb9,Registered,FALSE
86707,1787f3e1-3315-485a-95d7-1da21ed4ddb9,Registered,FALSE
87188,1787f3e1-3315-485a-95d7-1da21ed4ddb9,Registered,FALSE
87782,1787f3e1-3315-485a-95d7-1da21ed4ddb9,Registered,FALSE
87968,1787f3e1-3315-485a-95d7-1da21ed4ddb9,Registered,TRUE
88684,1787f3e1-3315-485a-95d7-1da21ed4ddb9,Registered,TRUE
88751,1787f3e1-3315-485a-95d7-1da21ed4ddb9,Registered,TRUE
89576,1787f3e1-3315-485a-95d7-1da21ed4ddb9,Registered,TRUE
89641,1787f3e1-3315-485a-95d7-1da21ed4ddb9,Registered,FALSE
90153,1787f3e1-3315-485a-95d7-1da21ed4ddb9,Registered,TRUE
90387,688982c6-4e8f-4b40-8987-d004710a4de7,Registered,FALSE
90638,1787f3e1-3315-485a-95d7-1da21ed4ddb9,Registered,TRUE
90638,90927b93-07cf-4d47-bc16-1e0da1bc5576,Registered,FALSE
90643,1787f3e1-3315-485a-95d7-1da21ed4ddb9,Registered,FALSE
90803,1787f3e1-3315-485a-95d7-1da21ed4ddb9,Registered,TRUE
91084,1787f3e1-3315-485a-95d7-1da21ed4ddb9,Registered,TRUE
91199,1787f3e1-3315-485a-95d7-1da21ed4ddb9,Registered,TRUE
91213,1787f3e1-3315-485a-95d7-1da21ed4ddb9,Registered,FALSE
91524,1787f3e1-3315-485a-95d7-1da21ed4ddb9,Registered,FALSE
91630,1787f3e1-3315-485a-95d7-1da21ed4ddb9,Registered,TRUE
92183,1787f3e1-3315-485a-95d7-1da21ed4ddb9,Registered,FALSE
92547,688982c6-4e8f-4b40-8987-d004710a4de7,Registered,TRUE
92606,e929ea71-44ac-4fb1-b831-33a00fc649e7,Registered,TRUE
92657,1787f3e1-3315-485a-95d7-1da21ed4ddb9,Registered,FALSE
92771,1787f3e1-3315-485a-95d7-1da21ed4ddb9,Registered,FALSE
92951,e929ea71-44ac-4fb1-b831-33a00fc649e7,Registered,TRUE
93024,90927b93-07cf-4d47-bc16-1e0da1bc5576,Registered,FALSE
93156,1787f3e1-3315-485a-95d7-1da21ed4ddb9,Registered,TRUE
93695,1787f3e1-3315-485a-95d7-1da21ed4ddb9,Registered,FALSE
93781,1787f3e1-3315-485a-95d7-1da21ed4ddb9,Registered,FALSE
93794,1787f3e1-3315-485a-95d7-1da21ed4ddb9,Registered,TRUE
93852,1787f3e1-3315-485a-95d7-1da21ed4ddb9,Registered,TRUE
93862,1787f3e1-3315-485a-95d7-1da21ed4ddb9,Registered,FALSE
93922,688982c6-4e8f-4b40-8987-d004710a4de7,Registered,TRUE
94068,1787f3e1-3315-485a-95d7-1da21ed4ddb9,Registered,FALSE
94138,1787f3e1-3315-485a-95d7-1da21ed4ddb9,Registered,TRUE
94241,e929ea71-44ac-4fb1-b831-33a00fc649e7,Registered,TRUE
94304,e929ea71-44ac-4fb1-b831-33a00fc649e7,Registered,FALSE
94893,1787f3e1-3315-485a-95d7-1da21ed4ddb9,Registered,FALSE
94905,1787f3e1-3315-485a-95d7-1da21ed4ddb9,Registered,FALSE
95212,1787f3e1-3315-485a-95d7-1da21ed4ddb9,Registered,TRUE
95551,1787f3e1-3315-485a-95d7-1da21ed4ddb9,Registered,FALSE
95732,1787f3e1-3315-485a-95d7-1da21ed4ddb9,Registered,TRUE
95736,1787f3e1-3315-485a-95d7-1da21ed4ddb9,Registered,TRUE
95903,90927b93-07cf-4d47-bc16-1e0da1bc5576,Registered,TRUE
95947,1787f3e1-3315-485a-95d7-1da21ed4ddb9,Registered,TRUE
96021,1787f3e1-3315-485a-95d7-1da21ed4ddb9,Registered,TRUE
96630,1787f3e1-3315-485a-95d7-1da21ed4ddb9,Registered,FALSE
96780,1787f3e1-3315-485a-95d7-1da21ed4ddb9,Registered,TRUE
96876,1787f3e1-3315-485a-95d7-1da21ed4ddb9,Registered,FALSE
96876,90927b93-07cf-4d47-bc16-1e0da1bc5576,Registered,TRUE
97079,90927b93-07cf-4d47-bc16-1e0da1bc5576,Registered,FALSE
97154,1787f3e1-3315-485a-95d7-1da21ed4ddb9,Registered,TRUE
97329,90927b93-07cf-4d47-bc16-1e0da1bc5576,Registered,TRUE
97741,1787f3e1-3315-485a-95d7-1da21ed4ddb9,Registered,FALSE
97956,1787f3e1-3315-485a-95d7-1da21ed4ddb9,Registered,TRUE
98089,1787f3e1-3315-485a-95d7-1da21ed4ddb9,Registered,TRUE
98089,90927b93-07cf-4d47-bc16-1e0da1bc5576,Registered,FALSE
98089,688982c6-4e8f-4b40-8987-d004710a4de7,Registered,FALSE
98099,90927b93-07cf-4d47-bc16-1e0da1bc5576,Registered,FALSE
98230,1787f3e1-3315-485a-95d7-1da21ed4ddb9,Registered,TRUE
98469,1787f3e1-3315-485a-95d7-1da21ed4ddb9,Registered,FALSE
98509,1787f3e1-3315-485a-95d7-1da21ed4ddb9,Registered,TRUE
98714,1787f3e1-3315-485a-95d7-1da21ed4ddb9,Registered,TRUE
98809,e929ea71-44ac-4fb1-b831-33a00fc649e7,Registered,FALSE
98840,e929ea71-44ac-4fb1-b831-33a00fc649e7,Registered,TRUE
98880,1787f3e1-3315-485a-95d7-1da21ed4ddb9,Registered,FALSE
99443,1787f3e1-3315-485a-95d7-1da21ed4ddb9,Registered,FALSE
99480,1787f3e1-3315-485a-95d7-1da21ed4ddb9,Registered,FALSE
99480,90927b93-07cf-4d47-bc16-1e0da1bc5576,Registered,FALSE
99852,90927b93-07cf-4d47-bc16-1e0da1bc5576,Registered,TRUE
99897,21327acb-aa7d-4000-9532-0a9c864addd3,Registered,FALSE
99897,688982c6-4e8f-4b40-8987-d004710a4de7,Registered,FALSE
99955,1787f3e1-3315-485a-95d7-1da21ed4ddb9,Registered,FALSE
99959,e929ea71-44ac-4fb1-b831-33a00fc649e7,Registered,TRUE
